okhttp,/src/test/java/okhttp3/internal/connection/ConnectionPoolTest.java,
okhttp,/src/test/java/okhttp3/internal/http/ThreadInterruptTest.java,
okhttp,/src/test/java/okhttp3/OkHttpClientTest.java,
okhttp,/src/test/java/okhttp3/internal/authenticator/JavaNetAuthenticatorTest.kt,
okhttp,/src/test/java/okhttp3/ConscryptTest.kt,
okhttp,/src/test/java/okhttp3/CookiesTest.java,
okhttp,/src/test/java/okhttp3/KotlinDeprecationErrorTest.kt,
okhttp,/src/test/java/okhttp3/MediaTypeTest.java,
okhttp,/src/test/java/okhttp3/internal/http2/HpackTest.java,
okhttp,/src/test/java/okhttp3/CertificateChainCleanerTest.java,
okhttp,/src/test/java/okhttp3/BouncyCastleTest.kt,
okhttp,/src/test/java/okhttp3/ServerTruncatesRequestTest.kt,
okhttp,/src/test/java/okhttp3/internal/connection/RouteSelectorTest.java,
okhttp,/src/test/java/okhttp3/RequestTest.java,
okhttp,/src/test/java/okhttp3/internal/http2/HuffmanTest.java,
okhttp,/src/test/java/okhttp3/internal/http/HttpDateTest.kt,
okhttp,/src/test/java/okhttp3/internal/platform/Jdk8WithJettyBootPlatformTest.java,
okhttp,/src/test/java/okhttp3/CertificatePinnerKotlinTest.kt,
okhttp,/src/test/java/okhttp3/EventListenerTest.java,
okhttp,/src/test/java/okhttp3/InsecureForHostTest.kt,
okhttp,/src/test/java/okhttp3/internal/tls/HostnameVerifierTest.java,
okhttp,/src/test/java/okhttp3/MultipartReaderTest.kt,
okhttp,/src/test/java/okhttp3/OpenJSSETest.kt,
okhttp,/src/test/java/okhttp3/HeadersKotlinTest.kt,
okhttp,/src/test/java/okhttp3/internal/ws/WebSocketHttpTest.java,
okhttp,/src/test/java/okhttp3/ResponseBodyTest.java,
okhttp,/src/test/java/okhttp3/AddressTest.java,
okhttp,/src/test/java/okhttp3/internal/tls/ClientAuthTest.java,
okhttp,/src/test/java/okhttp3/DispatcherTest.java,
okhttp,/src/test/java/okhttp3/ResponseTest.java,
okhttp,/src/test/java/okhttp3/WholeOperationTimeoutTest.java,
okhttp,/src/test/java/okhttp3/internal/platform/PlatformTest.java,
okhttp,/src/test/java/okhttp3/internal/cache/DiskLruCacheTest.kt,
okhttp,/src/test/java/okhttp3/CertificatePinnerTest.java,
okhttp,/src/test/java/okhttp3/internal/connection/ConnectionSpecSelectorTest.java,
okhttp,/src/test/java/okhttp3/internal/concurrent/TaskRunnerRealBackendTest.kt,
okhttp,/src/test/java/okhttp3/internal/http/StatusLineTest.java,
okhttp,/src/test/java/okhttp3/FormBodyTest.java,
okhttp,/src/test/java/okhttp3/internal/http2/SettingsTest.java,
okhttp,/src/test/java/okhttp3/internal/http2/HttpOverHttp2Test.java,
okhttp,/src/test/java/okhttp3/URLConnectionTest.java,
okhttp,/src/test/java/okhttp3/internal/concurrent/TaskRunnerTest.kt,
okhttp,/src/test/java/okhttp3/internal/cache2/FileOperatorTest.java,
okhttp,/src/test/java/okhttp3/CacheTest.java,
okhttp,/src/test/java/okhttp3/CallKotlinTest.kt,
okhttp,/src/test/java/okhttp3/internal/platform/Jdk9PlatformTest.java,
okhttp,/src/test/java/okhttp3/CacheControlTest.java,
okhttp,/src/test/java/okhttp3/OkHttpTest.kt,
okhttp,/src/test/java/okhttp3/internal/http2/FrameLogTest.java,
okhttp,/src/test/java/okhttp3/ConnectionReuseTest.java,
okhttp,/src/test/java/okhttp3/internal/platform/android/AndroidSocketAdapterTest.kt,
okhttp,/src/test/java/okhttp3/ConnectionSpecTest.java,
okhttp,/src/test/java/okhttp3/osgi/OsgiTest.java,
okhttp,/src/test/java/okhttp3/ProtocolTest.java,
okhttp,/src/test/java/okhttp3/internal/cache2/RelayTest.java,
okhttp,/src/test/java/okhttp3/internal/http2/Http2ConnectionTest.java,
okhttp,/src/test/java/okhttp3/internal/ws/WebSocketReaderTest.java,
okhttp,/src/test/java/okhttp3/CorrettoTest.kt,
okhttp,/src/test/java/okhttp3/internal/ws/WebSocketExtensionsTest.kt,
okhttp,/src/test/java/okhttp3/DuplexTest.java,
okhttp,/src/test/java/okhttp3/HeadersTest.java,
okhttp,/src/test/java/okhttp3/CacheCorruptionTest.kt,
okhttp,/src/test/java/okhttp3/CallTest.java,
okhttp,/src/test/java/okhttp3/PublicInternalApiTest.java,
okhttp,/src/test/java/okhttp3/internal/ws/RealWebSocketTest.java,
okhttp,/src/test/java/okhttp3/CipherSuiteTest.java,
okhttp,/src/test/java/okhttp3/ConnectionCoalescingTest.java,
okhttp,/src/test/java/okhttp3/internal/ws/WebSocketWriterTest.java,
okhttp,/src/test/java/okhttp3/InterceptorTest.java,
okhttp,/src/test/java/okhttp3/internal/UtilTest.kt,
okhttp,/src/test/java/okhttp3/KotlinSourceModernTest.kt,
okhttp,/src/test/java/okhttp3/internal/concurrent/TaskLoggerTest.kt,
okhttp,/src/test/java/okhttp3/internal/io/FileSystemTest.kt,
okhttp,/src/test/java/okhttp3/SocksProxyTest.java,
okhttp,/src/test/java/okhttp3/internal/http/CancelTest.kt,
okhttp,/src/test/java/okhttp3/internal/publicsuffix/PublicSuffixDatabaseTest.java,
okhttp,/src/test/java/okhttp3/internal/http2/Http2Test.java,
okhttp,/src/test/java/okhttp3/MultipartBodyTest.java,
okhttp,/src/test/java/okhttp3/internal/tls/CertificatePinnerChainValidationTest.java,
okhttp,/src/test/java/okhttp3/internal/ws/MessageDeflaterInflaterTest.kt,
okhttp,/src/test/java/okhttp3/HttpUrlTest.java,
okhttp,/src/test/java/okhttp3/internal/connection/RouteExceptionTest.java,
okhttp,/src/test/java/okhttp3/WebPlatformUrlTest.java,
okhttp,/src/test/java/okhttp3/HandshakeTest.kt,
okhttp,/src/test/java/okhttp3/CookieTest.java,