RxJava,/src/test/java/io/reactivex/rxjava3/subjects/CompletableSubjectTest.java,
RxJava,/src/test/java/io/reactivex/rxjava3/internal/operators/flowable/FlowableWindowWithTimeTest.java,
RxJava,/src/test/java/io/reactivex/rxjava3/internal/operators/flowable/FlowableDoFinallyTest.java,
RxJava,/src/test/java/io/reactivex/rxjava3/internal/operators/observable/ObservableIntervalRangeTest.java,
RxJava,/src/test/java/io/reactivex/rxjava3/tck/RebatchRequestsTckTest.java,
RxJava,/src/test/java/io/reactivex/rxjava3/validators/FixLicenseHeaders.java,
RxJava,/src/test/java/io/reactivex/rxjava3/internal/operators/maybe/MaybeFromSupplierTest.java,
RxJava,/src/test/java/io/reactivex/rxjava3/tck/SwitchOnNextTckTest.java,
RxJava,/src/test/java/io/reactivex/rxjava3/internal/operators/completable/CompletableDoOnLifecycleTest.java,
RxJava,/src/test/java/io/reactivex/rxjava3/internal/jdk8/ParallelMapOptionalTest.java,
RxJava,/src/test/java/io/reactivex/rxjava3/tck/AllTckTest.java,
RxJava,/src/test/java/io/reactivex/rxjava3/tck/AmbArrayTckTest.java,
RxJava,/src/test/java/io/reactivex/rxjava3/internal/operators/observable/ObservableCollectTest.java,
RxJava,/src/test/java/io/reactivex/rxjava3/tck/RangeTckTest.java,
RxJava,/src/test/java/io/reactivex/rxjava3/internal/jdk8/FlowableMapOptionalTest.java,
RxJava,/src/test/java/io/reactivex/rxjava3/disposables/DisposableTest.java,
RxJava,/src/test/java/io/reactivex/rxjava3/internal/operators/flowable/BufferUntilSubscriberTest.java,
RxJava,/src/test/java/io/reactivex/rxjava3/internal/operators/flowable/FlowableOnBackpressureDropTest.java,
RxJava,/src/test/java/io/reactivex/rxjava3/tck/ToMapTckTest.java,
RxJava,/src/test/java/io/reactivex/rxjava3/internal/subscriptions/SubscriptionArbiterTest.java,
RxJava,/src/test/java/io/reactivex/rxjava3/validators/BaseTypeAnnotations.java,
RxJava,/src/test/java/io/reactivex/rxjava3/internal/operators/flowable/FlowableSkipUntilTest.java,
RxJava,/src/test/java/io/reactivex/rxjava3/internal/operators/observable/ObservableAmbTest.java,
RxJava,/src/test/java/io/reactivex/rxjava3/tck/ReduceTckTest.java,
RxJava,/src/test/java/io/reactivex/rxjava3/maybe/MaybeTimerTest.java,
RxJava,/src/test/java/io/reactivex/rxjava3/flowable/FlowableReduceTests.java,
RxJava,/src/test/java/io/reactivex/rxjava3/internal/operators/flowable/FlowableMergeMaxConcurrentTest.java,
RxJava,/src/test/java/io/reactivex/rxjava3/internal/operators/single/SingleFromPublisherTest.java,
RxJava,/src/test/java/io/reactivex/rxjava3/core/XFlatMapTest.java,
RxJava,/src/test/java/io/reactivex/rxjava3/internal/operators/single/SingleZipArrayTest.java,
RxJava,/src/test/java/io/reactivex/rxjava3/internal/operators/observable/ObservableResourceWrapperTest.java,
RxJava,/src/test/java/io/reactivex/rxjava3/internal/schedulers/BooleanRunnableTest.java,
RxJava,/src/test/java/io/reactivex/rxjava3/internal/operators/single/SingleTakeUntilTest.java,
RxJava,/src/test/java/io/reactivex/rxjava3/internal/operators/maybe/MaybeSwitchOnNextTest.java,
RxJava,/src/test/java/io/reactivex/rxjava3/internal/operators/maybe/MaybeFromFutureTest.java,
RxJava,/src/test/java/io/reactivex/rxjava3/internal/util/NotificationLiteTest.java,
RxJava,/src/test/java/io/reactivex/rxjava3/internal/jdk8/ObservableFromCompletionStageTest.java,
RxJava,/src/test/java/io/reactivex/rxjava3/internal/operators/flowable/FlowableReduceWithSingleTest.java,
RxJava,/src/test/java/io/reactivex/rxjava3/internal/operators/maybe/MaybeDelayTest.java,
RxJava,/src/test/java/io/reactivex/rxjava3/internal/disposables/DisposableHelperTest.java,
RxJava,/src/test/java/io/reactivex/rxjava3/internal/operators/flowable/FlowableFromCompletableTest.java,
RxJava,/src/test/java/io/reactivex/rxjava3/internal/operators/maybe/MaybeFlatMapIterableObservableTest.java,
RxJava,/src/test/java/io/reactivex/rxjava3/tck/MulticastProcessorTckTest.java,
RxJava,/src/test/java/io/reactivex/rxjava3/internal/operators/single/SingleTimeIntervalTest.java,
RxJava,/src/test/java/io/reactivex/rxjava3/internal/operators/flowable/FlowableZipCompletionTest.java,
RxJava,/src/test/java/io/reactivex/rxjava3/internal/operators/flowable/FlowableWindowWithFlowableTest.java,
RxJava,/src/test/java/io/reactivex/rxjava3/internal/operators/completable/CompletableCacheTest.java,
RxJava,/src/test/java/io/reactivex/rxjava3/internal/operators/completable/CompletableAmbTest.java,
RxJava,/src/test/java/io/reactivex/rxjava3/internal/operators/observable/ObservableConcatTest.java,
RxJava,/src/test/java/io/reactivex/rxjava3/internal/jdk8/FlowableFromCompletionStageTest.java,
RxJava,/src/test/java/io/reactivex/rxjava3/tck/BehaviorProcessorAsPublisherTckTest.java,
RxJava,/src/test/java/io/reactivex/rxjava3/internal/operators/single/SingleConcatArrayDelayErrorTest.java,
RxJava,/src/test/java/io/reactivex/rxjava3/internal/operators/observable/ObservableSwitchTest.java,
RxJava,/src/test/java/io/reactivex/rxjava3/completable/CompletableTimerTest.java,
RxJava,/src/test/java/io/reactivex/rxjava3/schedulers/AbstractSchedulerConcurrencyTests.java,
RxJava,/src/test/java/io/reactivex/rxjava3/schedulers/SchedulerWorkerTest.java,
RxJava,/src/test/java/io/reactivex/rxjava3/internal/operators/maybe/MaybeDoOnTerminateTest.java,
RxJava,/src/test/java/io/reactivex/rxjava3/internal/operators/flowable/FlowableConcatMapTest.java,
RxJava,/src/test/java/io/reactivex/rxjava3/internal/operators/observable/ObservableFlatMapMaybeTest.java,
RxJava,/src/test/java/io/reactivex/rxjava3/tck/SwitchMapTckTest.java,
RxJava,/src/test/java/io/reactivex/rxjava3/internal/util/HalfSerializerObserverTest.java,
RxJava,/src/test/java/io/reactivex/rxjava3/internal/operators/observable/ObservableMaterializeTest.java,
RxJava,/src/test/java/io/reactivex/rxjava3/tck/MergeIterableTckTest.java,
RxJava,/src/test/java/io/reactivex/rxjava3/internal/operators/maybe/MaybeZipArrayTest.java,
RxJava,/src/test/java/io/reactivex/rxjava3/internal/operators/mixed/ObservableConcatMapCompletableTest.java,
RxJava,/src/test/java/io/reactivex/rxjava3/flowable/FlowableBackpressureTests.java,
RxJava,/src/test/java/io/reactivex/rxjava3/internal/observers/CallbackCompletableObserverTest.java,
RxJava,/src/test/java/io/reactivex/rxjava3/internal/operators/maybe/MaybeConcatArrayEagerDelayErrorTest.java,
RxJava,/src/test/java/io/reactivex/rxjava3/internal/jdk8/MaybeFlattenStreamAsObservableTest.java,
RxJava,/src/test/java/io/reactivex/rxjava3/internal/operators/flowable/FlowableSkipTimedTest.java,
RxJava,/src/test/java/io/reactivex/rxjava3/validators/TooManyEmptyNewLines.java,
RxJava,/src/test/java/io/reactivex/rxjava3/internal/operators/completable/CompletableAwaitTest.java,
RxJava,/src/test/java/io/reactivex/rxjava3/tck/SingleTckTest.java,
RxJava,/src/test/java/io/reactivex/rxjava3/schedulers/SchedulerTest.java,
RxJava,/src/test/java/io/reactivex/rxjava3/internal/operators/flowable/FlowableSkipLastTest.java,
RxJava,/src/test/java/io/reactivex/rxjava3/flowable/FlowableConversionTest.java,
RxJava,/src/test/java/io/reactivex/rxjava3/observable/ObservableFuseableTest.java,
RxJava,/src/test/java/io/reactivex/rxjava3/internal/operators/observable/ObservableSingleTest.java,
RxJava,/src/test/java/io/reactivex/rxjava3/internal/operators/single/SingleErrorTest.java,
RxJava,/src/test/java/io/reactivex/rxjava3/internal/operators/flowable/FlowableDeferTest.java,
RxJava,/src/test/java/io/reactivex/rxjava3/tck/TakeUntilTckTest.java,
RxJava,/src/test/java/io/reactivex/rxjava3/tck/MergeWithSingleTckTest.java,
RxJava,/src/test/java/io/reactivex/rxjava3/internal/operators/flowable/FlowableThrottleFirstTest.java,
RxJava,/src/test/java/io/reactivex/rxjava3/internal/observers/QueueDrainObserverTest.java,
RxJava,/src/test/java/io/reactivex/rxjava3/internal/operators/single/SingleConcatMapMaybeTest.java,
RxJava,/src/test/java/io/reactivex/rxjava3/internal/operators/flowable/FlowableScanTest.java,
RxJava,/src/test/java/io/reactivex/rxjava3/observable/ObservableStartWithTests.java,
RxJava,/src/test/java/io/reactivex/rxjava3/validators/OperatorsUseInterfaces.java,
RxJava,/src/test/java/io/reactivex/rxjava3/exceptions/CompositeExceptionTest.java,
RxJava,/src/test/java/io/reactivex/rxjava3/internal/operators/observable/ObservableDefaultIfEmptyTest.java,
RxJava,/src/test/java/io/reactivex/rxjava3/subjects/SerializedSubjectTest.java,
RxJava,/src/test/java/io/reactivex/rxjava3/internal/observers/LambdaObserverTest.java,
RxJava,/src/test/java/io/reactivex/rxjava3/internal/operators/observable/ObservableOnErrorResumeWithTest.java,
RxJava,/src/test/java/io/reactivex/rxjava3/single/SingleTest.java,
RxJava,/src/test/java/io/reactivex/rxjava3/internal/operators/flowable/FlowableMapTest.java,
RxJava,/src/test/java/io/reactivex/rxjava3/tck/TimerTckTest.java,
RxJava,/src/test/java/io/reactivex/rxjava3/tck/SingleFlatMapFlowableTckTest.java,
RxJava,/src/test/java/io/reactivex/rxjava3/internal/operators/completable/CompletableTimerTest.java,
RxJava,/src/test/java/io/reactivex/rxjava3/internal/operators/mixed/FlowableConcatMapMaybeTest.java,
RxJava,/src/test/java/io/reactivex/rxjava3/internal/jdk8/SingleMapOptionalTest.java,
RxJava,/src/test/java/io/reactivex/rxjava3/schedulers/ExecutorSchedulerTest.java,
RxJava,/src/test/java/io/reactivex/rxjava3/tck/ZipTckTest.java,
RxJava,/src/test/java/io/reactivex/rxjava3/internal/operators/flowable/NotificationLiteTest.java,
RxJava,/src/test/java/io/reactivex/rxjava3/internal/jdk8/SingleToCompletionStageTest.java,
RxJava,/src/test/java/io/reactivex/rxjava3/internal/operators/observable/ObservableThrottleLatestTest.java,
RxJava,/src/test/java/io/reactivex/rxjava3/internal/operators/observable/ObservableFromMaybeTest.java,
RxJava,/src/test/java/io/reactivex/rxjava3/validators/JavadocCodesAndLinks.java,
RxJava,/src/test/java/io/reactivex/rxjava3/internal/operators/single/SingleConcatMapTest.java,
RxJava,/src/test/java/io/reactivex/rxjava3/tck/DistinctTckTest.java,
RxJava,/src/test/java/io/reactivex/rxjava3/tck/FromIterableTckTest.java,
RxJava,/src/test/java/io/reactivex/rxjava3/internal/operators/single/SingleInternalHelperTest.java,
RxJava,/src/test/java/io/reactivex/rxjava3/internal/operators/single/SingleDoFinallyTest.java,
RxJava,/src/test/java/io/reactivex/rxjava3/internal/operators/maybe/MaybeCallbackObserverTest.java,
RxJava,/src/test/java/io/reactivex/rxjava3/internal/operators/mixed/FlowableSwitchMapSingleTest.java,
RxJava,/src/test/java/io/reactivex/rxjava3/tck/IsEmptyTckTest.java,
RxJava,/src/test/java/io/reactivex/rxjava3/internal/util/MergerBiFunctionTest.java,
RxJava,/src/test/java/io/reactivex/rxjava3/internal/operators/maybe/MaybeDelayOtherTest.java,
RxJava,/src/test/java/io/reactivex/rxjava3/tck/JustTckTest.java,
RxJava,/src/test/java/io/reactivex/rxjava3/internal/operators/single/SingleConcatDelayErrorTest.java,
RxJava,/src/test/java/io/reactivex/rxjava3/internal/jdk8/FlatMapStream0TckTest.java,
RxJava,/src/test/java/io/reactivex/rxjava3/tck/ZipWithIterableTckTest.java,
RxJava,/src/test/java/io/reactivex/rxjava3/tck/CombineLatestArrayDelayErrorTckTest.java,
RxJava,/src/test/java/io/reactivex/rxjava3/internal/operators/single/SingleLiftTest.java,
RxJava,/src/test/java/io/reactivex/rxjava3/internal/operators/observable/ObservableBufferTest.java,
RxJava,/src/test/java/io/reactivex/rxjava3/internal/operators/observable/ObservableSkipTimedTest.java,
RxJava,/src/test/java/io/reactivex/rxjava3/tck/ElementAtTckTest.java,
RxJava,/src/test/java/io/reactivex/rxjava3/internal/operators/completable/CompletableDelaySubscriptionTest.java,
RxJava,/src/test/java/io/reactivex/rxjava3/internal/operators/single/SingleZipIterableTest.java,
RxJava,/src/test/java/io/reactivex/rxjava3/internal/operators/observable/ObservableRangeTest.java,
RxJava,/src/test/java/io/reactivex/rxjava3/observable/ObservableDoOnTest.java,
RxJava,/src/test/java/io/reactivex/rxjava3/internal/schedulers/ScheduledDirectPeriodicTaskTest.java,
RxJava,/src/test/java/io/reactivex/rxjava3/internal/operators/flowable/FlowableOnBackpressureLatestTest.java,
RxJava,/src/test/java/io/reactivex/rxjava3/internal/operators/completable/CompletableFromCallableTest.java,
RxJava,/src/test/java/io/reactivex/rxjava3/internal/operators/observable/ObservableCreateTest.java,
RxJava,/src/test/java/io/reactivex/rxjava3/internal/operators/flowable/FlowableConcatWithCompletableTest.java,
RxJava,/src/test/java/io/reactivex/rxjava3/internal/operators/flowable/FlowableToCompletableTest.java,
RxJava,/src/test/java/io/reactivex/rxjava3/internal/operators/observable/ObservableMergeWithMaybeTest.java,
RxJava,/src/test/java/io/reactivex/rxjava3/tck/TakeWhileTckTest.java,
RxJava,/src/test/java/io/reactivex/rxjava3/internal/operators/mixed/FlowableSwitchMapMaybeTest.java,
RxJava,/src/test/java/io/reactivex/rxjava3/internal/operators/observable/ObservableGenerateTest.java,
RxJava,/src/test/java/io/reactivex/rxjava3/internal/operators/single/SingleEqualsTest.java,
RxJava,/src/test/java/io/reactivex/rxjava3/internal/operators/flowable/FlowableSequenceEqualTest.java,
RxJava,/src/test/java/io/reactivex/rxjava3/internal/operators/single/SingleToFlowableTest.java,
RxJava,/src/test/java/io/reactivex/rxjava3/tck/UnicastProcessorAsPublisherTckTest.java,
RxJava,/src/test/java/io/reactivex/rxjava3/internal/operators/flowable/BlockingFlowableNextTest.java,
RxJava,/src/test/java/io/reactivex/rxjava3/internal/observers/BlockingMultiObserverTest.java,
RxJava,/src/test/java/io/reactivex/rxjava3/tck/SkipUntilTckTest.java,
RxJava,/src/test/java/io/reactivex/rxjava3/internal/operators/flowable/FlowableFirstTest.java,
RxJava,/src/test/java/io/reactivex/rxjava3/internal/util/OpenHashSetTest.java,
RxJava,/src/test/java/io/reactivex/rxjava3/internal/operators/observable/ObservableToMapTest.java,
RxJava,/src/test/java/io/reactivex/rxjava3/internal/operators/observable/ObservableTimeoutTests.java,
RxJava,/src/test/java/io/reactivex/rxjava3/internal/observers/FutureSingleObserverTest.java,
RxJava,/src/test/java/io/reactivex/rxjava3/processors/BehaviorProcessorTest.java,
RxJava,/src/test/java/io/reactivex/rxjava3/internal/operators/maybe/MaybeMaterializeTest.java,
RxJava,/src/test/java/io/reactivex/rxjava3/tck/FromSupplierTckTest.java,
RxJava,/src/test/java/io/reactivex/rxjava3/internal/operators/observable/ObservableTimestampTest.java,
RxJava,/src/test/java/io/reactivex/rxjava3/internal/jdk8/FlowableCollectWithCollectorTest.java,
RxJava,/src/test/java/io/reactivex/rxjava3/internal/operators/observable/ObservableMergeWithSingleTest.java,
RxJava,/src/test/java/io/reactivex/rxjava3/internal/operators/flowable/FlowableUnsubscribeOnTest.java,
RxJava,/src/test/java/io/reactivex/rxjava3/core/NotificationTest.java,
RxJava,/src/test/java/io/reactivex/rxjava3/internal/operators/single/SingleFlatMapIterableFlowableTest.java,
RxJava,/src/test/java/io/reactivex/rxjava3/tck/DelaySubscriptionTckTest.java,
RxJava,/src/test/java/io/reactivex/rxjava3/flowable/FlowableThrottleWithTimeoutTests.java,
RxJava,/src/test/java/io/reactivex/rxjava3/internal/operators/completable/CompletableToFlowableTest.java,
RxJava,/src/test/java/io/reactivex/rxjava3/internal/operators/flowable/FlowableSkipLastTimedTest.java,
RxJava,/src/test/java/io/reactivex/rxjava3/internal/operators/single/SingleMapTest.java,
RxJava,/src/test/java/io/reactivex/rxjava3/tck/SkipTckTest.java,
RxJava,/src/test/java/io/reactivex/rxjava3/schedulers/TrampolineSchedulerTest.java,
RxJava,/src/test/java/io/reactivex/rxjava3/tck/OnErrorReturnItemTckTest.java,
RxJava,/src/test/java/io/reactivex/rxjava3/observable/ObservableMergeTests.java,
RxJava,/src/test/java/io/reactivex/rxjava3/core/DisposeTaskTest.java,
RxJava,/src/test/java/io/reactivex/rxjava3/internal/operators/single/SingleDoAfterSuccessTest.java,
RxJava,/src/test/java/io/reactivex/rxjava3/internal/operators/observable/ObservableConcatMapTest.java,
RxJava,/src/test/java/io/reactivex/rxjava3/internal/operators/single/SingleFromSupplierTest.java,
RxJava,/src/test/java/io/reactivex/rxjava3/internal/operators/flowable/FlowableLiftTest.java,
RxJava,/src/test/java/io/reactivex/rxjava3/internal/operators/completable/CompletableAndThenTest.java,
RxJava,/src/test/java/io/reactivex/rxjava3/internal/util/EndConsumerHelperTest.java,
RxJava,/src/test/java/io/reactivex/rxjava3/validators/NewLinesBeforeAnnotation.java,
RxJava,/src/test/java/io/reactivex/rxjava3/plugins/RxJavaPluginsTest.java,
RxJava,/src/test/java/io/reactivex/rxjava3/internal/operators/flowable/FlowableAutoConnectTest.java,
RxJava,/src/test/java/io/reactivex/rxjava3/internal/util/ExceptionHelperTest.java,
RxJava,/src/test/java/io/reactivex/rxjava3/internal/operators/observable/ObservableCastTest.java,
RxJava,/src/test/java/io/reactivex/rxjava3/internal/jdk8/ObservableCollectWithCollectorTest.java,
RxJava,/src/test/java/io/reactivex/rxjava3/internal/operators/single/SingleDoAfterTerminateTest.java,
RxJava,/src/test/java/io/reactivex/rxjava3/validators/ParamValidationCheckerTest.java,
RxJava,/src/test/java/io/reactivex/rxjava3/internal/operators/flowable/FlowableDoOnLifecycleTest.java,
RxJava,/src/test/java/io/reactivex/rxjava3/internal/operators/single/SingleDoOnLifecycleTest.java,
RxJava,/src/test/java/io/reactivex/rxjava3/internal/operators/flowable/FlowableDetachTest.java,
RxJava,/src/test/java/io/reactivex/rxjava3/internal/observers/EmptyCompletableObserverTest.java,
RxJava,/src/test/java/io/reactivex/rxjava3/subscribers/DisposableSubscriberTest.java,
RxJava,/src/test/java/io/reactivex/rxjava3/validators/PublicFinalMethods.java,
RxJava,/src/test/java/io/reactivex/rxjava3/tck/MergeWithMaybeEmptyTckTest.java,
RxJava,/src/test/java/io/reactivex/rxjava3/internal/operators/flowable/FlowableMergeWithMaybeTest.java,
RxJava,/src/test/java/io/reactivex/rxjava3/observers/SerializedObserverTest.java,
RxJava,/src/test/java/io/reactivex/rxjava3/internal/operators/mixed/MaybeFlatMapObservableTest.java,
RxJava,/src/test/java/io/reactivex/rxjava3/internal/operators/flowable/FlowableTakeUntilPredicateTest.java,
RxJava,/src/test/java/io/reactivex/rxjava3/internal/jdk8/FlowableFlatMapStreamTest.java,
RxJava,/src/test/java/io/reactivex/rxjava3/tck/BufferBoundaryTckTest.java,
RxJava,/src/test/java/io/reactivex/rxjava3/internal/operators/maybe/MaybeDoAfterSuccessTest.java,
RxJava,/src/test/java/io/reactivex/rxjava3/internal/operators/observable/ObservableSerializeTest.java,
RxJava,/src/test/java/io/reactivex/rxjava3/tck/ReplayProcessorSizeBoundAsPublisherTckTest.java,
RxJava,/src/test/java/io/reactivex/rxjava3/internal/jdk8/FromOptional1TckTest.java,
RxJava,/src/test/java/io/reactivex/rxjava3/internal/operators/maybe/MaybeDoFinallyTest.java,
RxJava,/src/test/java/io/reactivex/rxjava3/internal/operators/observable/AbstractObservableWithUpstreamTest.java,
RxJava,/src/test/java/io/reactivex/rxjava3/testsupport/TestSubscriberExTest.java,
RxJava,/src/test/java/io/reactivex/rxjava3/internal/operators/maybe/MaybeDoOnLifecycleTest.java,
RxJava,/src/test/java/io/reactivex/rxjava3/tck/UsingTckTest.java,
RxJava,/src/test/java/io/reactivex/rxjava3/internal/operators/maybe/MaybeMapTest.java,
RxJava,/src/test/java/io/reactivex/rxjava3/internal/operators/completable/CompletableFromObservableTest.java,
RxJava,/src/test/java/io/reactivex/rxjava3/internal/operators/completable/CompletableLiftTest.java,
RxJava,/src/test/java/io/reactivex/rxjava3/internal/operators/flowable/FlowableDoOnRequestTest.java,
RxJava,/src/test/java/io/reactivex/rxjava3/internal/operators/observable/ObservableWindowWithObservableTest.java,
RxJava,/src/test/java/io/reactivex/rxjava3/internal/operators/single/SingleDoOnTerminateTest.java,
RxJava,/src/test/java/io/reactivex/rxjava3/internal/operators/single/SingleFromTest.java,
RxJava,/src/test/java/io/reactivex/rxjava3/internal/operators/single/SingleMergeArrayTest.java,
RxJava,/src/test/java/io/reactivex/rxjava3/internal/operators/flowable/FlowableDoOnSubscribeTest.java,
RxJava,/src/test/java/io/reactivex/rxjava3/parallel/ParallelJoinTest.java,
RxJava,/src/test/java/io/reactivex/rxjava3/processors/ReplayProcessorConcurrencyTest.java,
RxJava,/src/test/java/io/reactivex/rxjava3/internal/operators/observable/ObservableDetachTest.java,
RxJava,/src/test/java/io/reactivex/rxjava3/internal/operators/maybe/MaybeTimeIntervalTest.java,
RxJava,/src/test/java/io/reactivex/rxjava3/internal/operators/single/SingleTimerTest.java,
RxJava,/src/test/java/io/reactivex/rxjava3/tck/ConcatMapIterableTckTest.java,
RxJava,/src/test/java/io/reactivex/rxjava3/internal/operators/flowable/FlowableDebounceTest.java,
RxJava,/src/test/java/io/reactivex/rxjava3/observable/ObservableGroupByTests.java,
RxJava,/src/test/java/io/reactivex/rxjava3/schedulers/TimedTest.java,
RxJava,/src/test/java/io/reactivex/rxjava3/parallel/ParallelSortedJoinTest.java,
RxJava,/src/test/java/io/reactivex/rxjava3/internal/operators/flowable/FlowablePublishMulticastTest.java,
RxJava,/src/test/java/io/reactivex/rxjava3/internal/operators/flowable/AbstractFlowableWithUpstreamTest.java,
RxJava,/src/test/java/io/reactivex/rxjava3/flowable/FlowableTests.java,
RxJava,/src/test/java/io/reactivex/rxjava3/internal/operators/observable/ObservableZipTest.java,
RxJava,/src/test/java/io/reactivex/rxjava3/processors/PublishProcessorTest.java,
RxJava,/src/test/java/io/reactivex/rxjava3/internal/operators/observable/ObservableObserveOnTest.java,
RxJava,/src/test/java/io/reactivex/rxjava3/observers/DisposableSingleObserverTest.java,
RxJava,/src/test/java/io/reactivex/rxjava3/observable/ObservableReduceTests.java,
RxJava,/src/test/java/io/reactivex/rxjava3/observable/ObservableScanTests.java,
RxJava,/src/test/java/io/reactivex/rxjava3/internal/operators/observable/ObservableConcatMapEagerTest.java,
RxJava,/src/test/java/io/reactivex/rxjava3/parallel/ParallelDoOnNextTryTest.java,
RxJava,/src/test/java/io/reactivex/rxjava3/internal/operators/observable/ObservableDeferTest.java,
RxJava,/src/test/java/io/reactivex/rxjava3/internal/operators/flowable/FlowableOnBackpressureBufferTest.java,
RxJava,/src/test/java/io/reactivex/rxjava3/tck/ReplaySelectorTckTest.java,
RxJava,/src/test/java/io/reactivex/rxjava3/internal/operators/observable/ObservableGroupByTest.java,
RxJava,/src/test/java/io/reactivex/rxjava3/subscribers/SerializedSubscriberTest.java,
RxJava,/src/test/java/io/reactivex/rxjava3/completable/CompletableTest.java,
RxJava,/src/test/java/io/reactivex/rxjava3/internal/schedulers/DisposeOnCancelTest.java,
RxJava,/src/test/java/io/reactivex/rxjava3/internal/operators/observable/ObservableMergeDelayErrorTest.java,
RxJava,/src/test/java/io/reactivex/rxjava3/internal/subscribers/LambdaSubscriberTest.java,
RxJava,/src/test/java/io/reactivex/rxjava3/internal/operators/maybe/MaybeConcatArrayTest.java,
RxJava,/src/test/java/io/reactivex/rxjava3/internal/jdk8/CompletableFromCompletionStageTest.java,
RxJava,/src/test/java/io/reactivex/rxjava3/internal/operators/single/SingleDelayTest.java,
RxJava,/src/test/java/io/reactivex/rxjava3/tck/ConcatMapTckTest.java,
RxJava,/src/test/java/io/reactivex/rxjava3/internal/operators/flowable/FlowableOnErrorReturnTest.java,
RxJava,/src/test/java/io/reactivex/rxjava3/observers/TestObserverTest.java,
RxJava,/src/test/java/io/reactivex/rxjava3/internal/operators/observable/ObservableFromIterableTest.java,
RxJava,/src/test/java/io/reactivex/rxjava3/tck/MergePublisherTckTest.java,
RxJava,/src/test/java/io/reactivex/rxjava3/internal/operators/observable/ObservableInternalHelperTest.java,
RxJava,/src/test/java/io/reactivex/rxjava3/internal/operators/observable/ObservableSampleTest.java,
RxJava,/src/test/java/io/reactivex/rxjava3/internal/operators/flowable/FlowableTakeUntilTest.java,
RxJava,/src/test/java/io/reactivex/rxjava3/internal/operators/completable/CompletableDelayTest.java,
RxJava,/src/test/java/io/reactivex/rxjava3/internal/subscribers/EmptyComponentTest.java,
RxJava,/src/test/java/io/reactivex/rxjava3/internal/operators/flowable/FlowablePublishFunctionTest.java,
RxJava,/src/test/java/io/reactivex/rxjava3/internal/operators/maybe/MaybeUnsubscribeOnTest.java,
RxJava,/src/test/java/io/reactivex/rxjava3/internal/operators/observable/ObservableRefCountTest.java,
RxJava,/src/test/java/io/reactivex/rxjava3/parallel/ParallelMapTryTest.java,
RxJava,/src/test/java/io/reactivex/rxjava3/parallel/ParallelMapTest.java,
RxJava,/src/test/java/io/reactivex/rxjava3/subjects/ReplaySubjectBoundedConcurrencyTest.java,
RxJava,/src/test/java/io/reactivex/rxjava3/internal/operators/flowable/FlowableSkipWhileTest.java,
RxJava,/src/test/java/io/reactivex/rxjava3/tck/ConcatPublisherEagerTckTest.java,
RxJava,/src/test/java/io/reactivex/rxjava3/tck/LimitTckTest.java,
RxJava,/src/test/java/io/reactivex/rxjava3/tck/MaybeFlatMapPublisherTckTest.java,
RxJava,/src/test/java/io/reactivex/rxjava3/tck/BufferExactSizeTckTest.java,
RxJava,/src/test/java/io/reactivex/rxjava3/internal/operators/observable/ObservableTakeTimedTest.java,
RxJava,/src/test/java/io/reactivex/rxjava3/internal/operators/maybe/MaybeDelaySubscriptionTest.java,
RxJava,/src/test/java/io/reactivex/rxjava3/internal/operators/flowable/FlowableDoOnUnsubscribeTest.java,
RxJava,/src/test/java/io/reactivex/rxjava3/internal/operators/flowable/FlowableMergeTest.java,
RxJava,/src/test/java/io/reactivex/rxjava3/internal/operators/observable/ObservableUnsubscribeOnTest.java,
RxJava,/src/test/java/io/reactivex/rxjava3/internal/operators/observable/ObservableDoOnEachTest.java,
RxJava,/src/test/java/io/reactivex/rxjava3/internal/schedulers/SchedulerPoolFactoryTest.java,
RxJava,/src/test/java/io/reactivex/rxjava3/parallel/ParallelCollectTest.java,
RxJava,/src/test/java/io/reactivex/rxjava3/tck/TimestampTckTest.java,
RxJava,/src/test/java/io/reactivex/rxjava3/validators/ParamValidationNaming.java,
RxJava,/src/test/java/io/reactivex/rxjava3/internal/operators/flowable/FlowableRangeTest.java,
RxJava,/src/test/java/io/reactivex/rxjava3/tck/ReplayTckTest.java,
RxJava,/src/test/java/io/reactivex/rxjava3/internal/operators/single/SingleBlockingSubscribeTest.java,
RxJava,/src/test/java/io/reactivex/rxjava3/internal/operators/maybe/MaybeSubscribeOnTest.java,
RxJava,/src/test/java/io/reactivex/rxjava3/internal/observers/FutureObserverTest.java,
RxJava,/src/test/java/io/reactivex/rxjava3/internal/jdk8/ObservableStageSubscriberOrErrorTest.java,
RxJava,/src/test/java/io/reactivex/rxjava3/internal/jdk8/FromStreamTckTest.java,
RxJava,/src/test/java/io/reactivex/rxjava3/internal/subscriptions/AsyncSubscriptionTest.java,
RxJava,/src/test/java/io/reactivex/rxjava3/internal/operators/observable/ObservableReplayTest.java,
RxJava,/src/test/java/io/reactivex/rxjava3/internal/jdk8/SingleFlattenStreamAsFlowableTest.java,
RxJava,/src/test/java/io/reactivex/rxjava3/internal/jdk8/FlowableStageSubscriberOrErrorTest.java,
RxJava,/src/test/java/io/reactivex/rxjava3/flowable/FlowableStartWithTests.java,
RxJava,/src/test/java/io/reactivex/rxjava3/tck/CreateTckTest.java,
RxJava,/src/test/java/io/reactivex/rxjava3/internal/operators/flowable/FlowableGroupJoinTest.java,
RxJava,/src/test/java/io/reactivex/rxjava3/internal/operators/flowable/FlowableAsObservableTest.java,
RxJava,/src/test/java/io/reactivex/rxjava3/internal/operators/observable/ObservableConcatMapCompletableTest.java,
RxJava,/src/test/java/io/reactivex/rxjava3/internal/jdk8/MaybeToCompletionStageTest.java,
RxJava,/src/test/java/io/reactivex/rxjava3/validators/OperatorsAreFinal.java,
RxJava,/src/test/java/io/reactivex/rxjava3/internal/subscribers/InnerQueuedSubscriberTest.java,
RxJava,/src/test/java/io/reactivex/rxjava3/internal/operators/flowable/FlowableMergeDelayErrorTest.java,
RxJava,/src/test/java/io/reactivex/rxjava3/internal/jdk8/FlowableFromOptionalTest.java,
RxJava,/src/test/java/io/reactivex/rxjava3/tck/CombineLatestIterableTckTest.java,
RxJava,/src/test/java/io/reactivex/rxjava3/internal/operators/completable/CompletableSubscribeOnTest.java,
RxJava,/src/test/java/io/reactivex/rxjava3/internal/operators/observable/ObservableWindowWithStartEndObservableTest.java,
RxJava,/src/test/java/io/reactivex/rxjava3/internal/schedulers/ScheduledRunnableTest.java,
RxJava,/src/test/java/io/reactivex/rxjava3/internal/operators/observable/ObservableMergeTest.java,
RxJava,/src/test/java/io/reactivex/rxjava3/tck/SkipWhileTckTest.java,
RxJava,/src/test/java/io/reactivex/rxjava3/internal/operators/maybe/MaybeSwitchIfEmptySingleTest.java,
RxJava,/src/test/java/io/reactivex/rxjava3/internal/functions/ObjectHelperTest.java,
RxJava,/src/test/java/io/reactivex/rxjava3/internal/subscriptions/ArrayCompositeSubscriptionTest.java,
RxJava,/src/test/java/io/reactivex/rxjava3/internal/jdk8/MaybeFlattenStreamAsFlowableTckTest.java,
RxJava,/src/test/java/io/reactivex/rxjava3/internal/operators/maybe/MaybeFlatMapIterableFlowableTest.java,
RxJava,/src/test/java/io/reactivex/rxjava3/internal/operators/observable/ObservableTakeTest.java,
RxJava,/src/test/java/io/reactivex/rxjava3/internal/observers/BasicFuseableObserverTest.java,
RxJava,/src/test/java/io/reactivex/rxjava3/processors/SerializedProcessorTest.java,
RxJava,/src/test/java/io/reactivex/rxjava3/internal/operators/completable/CompletableOnErrorXTest.java,
RxJava,/src/test/java/io/reactivex/rxjava3/internal/operators/maybe/MaybeConcatMapSingleTest.java,
RxJava,/src/test/java/io/reactivex/rxjava3/internal/operators/observable/ObservableCountTest.java,
RxJava,/src/test/java/io/reactivex/rxjava3/observable/ObservableCombineLatestTests.java,
RxJava,/src/test/java/io/reactivex/rxjava3/internal/operators/maybe/AbstractMaybeWithUpstreamTest.java,
RxJava,/src/test/java/io/reactivex/rxjava3/internal/operators/flowable/FlowableOnBackpressureBufferStrategyTest.java,
RxJava,/src/test/java/io/reactivex/rxjava3/internal/operators/observable/ObservableConcatWithSingleTest.java,
RxJava,/src/test/java/io/reactivex/rxjava3/tck/FromArrayTckTest.java,
RxJava,/src/test/java/io/reactivex/rxjava3/internal/operators/flowable/FlowableConcatWithMaybeTest.java,
RxJava,/src/test/java/io/reactivex/rxjava3/flowable/FlowableGroupByTests.java,
RxJava,/src/test/java/io/reactivex/rxjava3/internal/operators/observable/ObservableFlattenIterableTest.java,
RxJava,/src/test/java/io/reactivex/rxjava3/internal/operators/observable/ObservableMapTest.java,
RxJava,/src/test/java/io/reactivex/rxjava3/internal/operators/completable/CompletableToFutureTest.java,
RxJava,/src/test/java/io/reactivex/rxjava3/internal/operators/mixed/ObservableConcatMapSingleTest.java,
RxJava,/src/test/java/io/reactivex/rxjava3/internal/operators/maybe/MaybeFromRunnableTest.java,
RxJava,/src/test/java/io/reactivex/rxjava3/tck/FlatMapTckTest.java,
RxJava,/src/test/java/io/reactivex/rxjava3/tck/UnicastProcessorTckTest.java,
RxJava,/src/test/java/io/reactivex/rxjava3/internal/operators/single/SingleMaterializeTest.java,
RxJava,/src/test/java/io/reactivex/rxjava3/internal/operators/flowable/FlowableConcatMapSchedulerTest.java,
RxJava,/src/test/java/io/reactivex/rxjava3/internal/operators/flowable/FlowableCreateTest.java,
RxJava,/src/test/java/io/reactivex/rxjava3/internal/operators/observable/ObservableUsingTest.java,
RxJava,/src/test/java/io/reactivex/rxjava3/observable/ObservableErrorHandlingTests.java,
RxJava,/src/test/java/io/reactivex/rxjava3/internal/operators/observable/ObservableDistinctUntilChangedTest.java,
RxJava,/src/test/java/io/reactivex/rxjava3/core/PeriodicDirectTaskTest.java,
RxJava,/src/test/java/io/reactivex/rxjava3/internal/operators/maybe/MaybeMergeArrayTest.java,
RxJava,/src/test/java/io/reactivex/rxjava3/internal/operators/observable/ObservableZipIterableTest.java,
RxJava,/src/test/java/io/reactivex/rxjava3/internal/operators/mixed/FlowableSwitchMapCompletableTest.java,
RxJava,/src/test/java/io/reactivex/rxjava3/tck/ConcatWithMaybeEmptyTckTest.java,
RxJava,/src/test/java/io/reactivex/rxjava3/internal/operators/completable/CompletableConcatDelayErrorTest.java,
RxJava,/src/test/java/io/reactivex/rxjava3/internal/operators/single/SingleConcatPublisherTest.java,
RxJava,/src/test/java/io/reactivex/rxjava3/internal/operators/flowable/FlowableZipTest.java,
RxJava,/src/test/java/io/reactivex/rxjava3/internal/functions/FunctionsTest.java,
RxJava,/src/test/java/io/reactivex/rxjava3/tck/ObserveOnTckTest.java,
RxJava,/src/test/java/io/reactivex/rxjava3/internal/util/QueueDrainHelperTest.java,
RxJava,/src/test/java/io/reactivex/rxjava3/internal/operators/flowable/FlowableScalarXMapTest.java,
RxJava,/src/test/java/io/reactivex/rxjava3/internal/operators/flowable/FlowableOnBackpressureErrorTest.java,
RxJava,/src/test/java/io/reactivex/rxjava3/observers/ResourceSingleObserverTest.java,
RxJava,/src/test/java/io/reactivex/rxjava3/internal/operators/flowable/FlowableTakeTest.java,
RxJava,/src/test/java/io/reactivex/rxjava3/internal/operators/flowable/FlowableOnErrorResumeNextViaFlowableTest.java,
RxJava,/src/test/java/io/reactivex/rxjava3/tck/MapTckTest.java,
RxJava,/src/test/java/io/reactivex/rxjava3/tck/ConcatTckTest.java,
RxJava,/src/test/java/io/reactivex/rxjava3/observable/ObservableWindowTests.java,
RxJava,/src/test/java/io/reactivex/rxjava3/schedulers/ExecutorSchedulerFairTest.java,
RxJava,/src/test/java/io/reactivex/rxjava3/internal/operators/mixed/FlowableConcatMapCompletableTest.java,
RxJava,/src/test/java/io/reactivex/rxjava3/single/SingleTimerTest.java,
RxJava,/src/test/java/io/reactivex/rxjava3/internal/operators/flowable/BlockingFlowableToIteratorTest.java,
RxJava,/src/test/java/io/reactivex/rxjava3/internal/operators/completable/CompletableRepeatWhenTest.java,
RxJava,/src/test/java/io/reactivex/rxjava3/internal/operators/completable/CompletableObserveOnTest.java,
RxJava,/src/test/java/io/reactivex/rxjava3/internal/schedulers/ExecutorSchedulerDelayedRunnableTest.java,
RxJava,/src/test/java/io/reactivex/rxjava3/parallel/ParallelReduceFullTest.java,
RxJava,/src/test/java/io/reactivex/rxjava3/internal/operators/observable/ObservableLastTest.java,
RxJava,/src/test/java/io/reactivex/rxjava3/internal/operators/maybe/MaybeIsEmptySingleTest.java,
RxJava,/src/test/java/io/reactivex/rxjava3/internal/operators/completable/CompletableFromSingleTest.java,
RxJava,/src/test/java/io/reactivex/rxjava3/internal/util/VolatileSizeArrayListTest.java,
RxJava,/src/test/java/io/reactivex/rxjava3/internal/jdk8/FlatMapStream1HTckTest.java,
RxJava,/src/test/java/io/reactivex/rxjava3/parallel/ParallelFlowableTest.java,
RxJava,/src/test/java/io/reactivex/rxjava3/parallel/ParallelPeekTest.java,
RxJava,/src/test/java/io/reactivex/rxjava3/tck/ConcatPublisherTckTest.java,
RxJava,/src/test/java/io/reactivex/rxjava3/internal/operators/flowable/FlowableMaterializeTest.java,
RxJava,/src/test/java/io/reactivex/rxjava3/internal/operators/flowable/BlockingFlowableLatestTest.java,
RxJava,/src/test/java/io/reactivex/rxjava3/internal/operators/maybe/MaybeToSingleTest.java,
RxJava,/src/test/java/io/reactivex/rxjava3/observers/DisposableObserverTest.java,
RxJava,/src/test/java/io/reactivex/rxjava3/internal/util/BlockingHelperTest.java,
RxJava,/src/test/java/io/reactivex/rxjava3/schedulers/SchedulerLifecycleTest.java,
RxJava,/src/test/java/io/reactivex/rxjava3/subscribers/SafeSubscriberTest.java,
RxJava,/src/test/java/io/reactivex/rxjava3/internal/operators/observable/ObservableToMultimapTest.java,
RxJava,/src/test/java/io/reactivex/rxjava3/tck/DoAfterNextTckTest.java,
RxJava,/src/test/java/io/reactivex/rxjava3/internal/queue/SimpleQueueTest.java,
RxJava,/src/test/java/io/reactivex/rxjava3/internal/operators/flowable/FlowableMergeWithSingleTest.java,
RxJava,/src/test/java/io/reactivex/rxjava3/internal/operators/flowable/FlowableTakeTest2.java,
RxJava,/src/test/java/io/reactivex/rxjava3/internal/operators/flowable/FlowableRepeatTest.java,
RxJava,/src/test/java/io/reactivex/rxjava3/internal/operators/flowable/FlowableTakeLastOneTest.java,
RxJava,/src/test/java/io/reactivex/rxjava3/internal/operators/observable/ObservableSkipTest.java,
RxJava,/src/test/java/io/reactivex/rxjava3/observable/ObservableSubscriberTest.java,
RxJava,/src/test/java/io/reactivex/rxjava3/maybe/MaybeRetryTest.java,
RxJava,/src/test/java/io/reactivex/rxjava3/internal/operators/observable/ObservableFromActionTest.java,
RxJava,/src/test/java/io/reactivex/rxjava3/parallel/ParallelFilterTest.java,
RxJava,/src/test/java/io/reactivex/rxjava3/internal/operators/flowable/FlowableElementAtTest.java,
RxJava,/src/test/java/io/reactivex/rxjava3/internal/operators/flowable/FlowableCountTest.java,
RxJava,/src/test/java/io/reactivex/rxjava3/internal/subscriptions/ScalarSubscriptionTest.java,
RxJava,/src/test/java/io/reactivex/rxjava3/internal/jdk8/ObservableMapOptionalTest.java,
RxJava,/src/test/java/io/reactivex/rxjava3/internal/observers/DisposableLambdaObserverTest.java,
RxJava,/src/test/java/io/reactivex/rxjava3/internal/subscribers/QueueDrainSubscriberTest.java,
RxJava,/src/test/java/io/reactivex/rxjava3/internal/operators/observable/ObservableMergeMaxConcurrentTest.java,
RxJava,/src/test/java/io/reactivex/rxjava3/internal/operators/mixed/ScalarXMapZHelperTest.java,
RxJava,/src/test/java/io/reactivex/rxjava3/internal/operators/observable/ObservableDelayTest.java,
RxJava,/src/test/java/io/reactivex/rxjava3/internal/operators/single/SingleOnErrorCompleteTest.java,
RxJava,/src/test/java/io/reactivex/rxjava3/internal/operators/single/SingleTimestampTest.java,
RxJava,/src/test/java/io/reactivex/rxjava3/internal/operators/flowable/FlowableFromSourceTest.java,
RxJava,/src/test/java/io/reactivex/rxjava3/internal/operators/observable/ObservableTakeLastTimedTest.java,
RxJava,/src/test/java/io/reactivex/rxjava3/internal/operators/maybe/MaybePeekTest.java,
RxJava,/src/test/java/io/reactivex/rxjava3/internal/subscriptions/SubscriptionHelperTest.java,
RxJava,/src/test/java/io/reactivex/rxjava3/internal/operators/observable/ObservableWindowWithSizeTest.java,
RxJava,/src/test/java/io/reactivex/rxjava3/validators/JavadocForAnnotations.java,
RxJava,/src/test/java/io/reactivex/rxjava3/internal/operators/maybe/MaybeTakeUntilPublisherTest.java,
RxJava,/src/test/java/io/reactivex/rxjava3/internal/operators/flowable/FlowableAmbTest.java,
RxJava,/src/test/java/io/reactivex/rxjava3/internal/operators/maybe/MaybeFromActionTest.java,
RxJava,/src/test/java/io/reactivex/rxjava3/processors/UnicastProcessorTest.java,
RxJava,/src/test/java/io/reactivex/rxjava3/internal/operators/observable/ObservableOnErrorCompleteTest.java,
RxJava,/src/test/java/io/reactivex/rxjava3/internal/operators/completable/CompletableDoOnTest.java,
RxJava,/src/test/java/io/reactivex/rxjava3/internal/subscribers/BlockingSubscriberTest.java,
RxJava,/src/test/java/io/reactivex/rxjava3/internal/operators/flowable/FlowableFromMaybeTest.java,
RxJava,/src/test/java/io/reactivex/rxjava3/internal/operators/completable/CompletableConcatTest.java,
RxJava,/src/test/java/io/reactivex/rxjava3/internal/operators/observable/ObservableCacheTest.java,
RxJava,/src/test/java/io/reactivex/rxjava3/internal/operators/single/SingleFlatMapMaybeTest.java,
RxJava,/src/test/java/io/reactivex/rxjava3/internal/jdk8/MaybeFromOptionalTest.java,
RxJava,/src/test/java/io/reactivex/rxjava3/tck/UnsubscribeOnTckTest.java,
RxJava,/src/test/java/io/reactivex/rxjava3/validators/JavadocWording.java,
RxJava,/src/test/java/io/reactivex/rxjava3/internal/schedulers/IoSchedulerInternalTest.java,
RxJava,/src/test/java/io/reactivex/rxjava3/internal/operators/flowable/FlowableZipIterableTest.java,
RxJava,/src/test/java/io/reactivex/rxjava3/internal/operators/maybe/MaybeFlatMapBiSelectorTest.java,
RxJava,/src/test/java/io/reactivex/rxjava3/internal/operators/single/SingleFlatMapBiSelectorTest.java,
RxJava,/src/test/java/io/reactivex/rxjava3/internal/operators/observable/ObservableAllTest.java,
RxJava,/src/test/java/io/reactivex/rxjava3/observers/DisposableMaybeObserverTest.java,
RxJava,/src/test/java/io/reactivex/rxjava3/internal/operators/flowable/FlowableDelaySubscriptionOtherTest.java,
RxJava,/src/test/java/io/reactivex/rxjava3/internal/observers/BlockingObserverTest.java,
RxJava,/src/test/java/io/reactivex/rxjava3/internal/operators/flowable/FlowableSubscribeOnTest.java,
RxJava,/src/test/java/io/reactivex/rxjava3/schedulers/FailOnBlockingTest.java,
RxJava,/src/test/java/io/reactivex/rxjava3/internal/operators/single/SingleDematerializeTest.java,
RxJava,/src/test/java/io/reactivex/rxjava3/internal/jdk8/CompletableToCompletionStageTest.java,
RxJava,/src/test/java/io/reactivex/rxjava3/internal/operators/single/SingleFlatMapNotificationTest.java,
RxJava,/src/test/java/io/reactivex/rxjava3/maybe/MaybeTest.java,
RxJava,/src/test/java/io/reactivex/rxjava3/internal/operators/maybe/MaybeEmptyTest.java,
RxJava,/src/test/java/io/reactivex/rxjava3/disposables/CompositeDisposableTest.java,
RxJava,/src/test/java/io/reactivex/rxjava3/internal/operators/flowable/FlowableDematerializeTest.java,
RxJava,/src/test/java/io/reactivex/rxjava3/internal/operators/completable/CompletableFromActionTest.java,
RxJava,/src/test/java/io/reactivex/rxjava3/internal/operators/completable/CompletableCreateTest.java,
RxJava,/src/test/java/io/reactivex/rxjava3/internal/operators/flowable/FlowableToListTest.java,
RxJava,/src/test/java/io/reactivex/rxjava3/tck/ConcatMapMaybeTckTest.java,
RxJava,/src/test/java/io/reactivex/rxjava3/internal/operators/single/SingleToObservableTest.java,
RxJava,/src/test/java/io/reactivex/rxjava3/internal/operators/completable/CompletableMergeIterableTest.java,
RxJava,/src/test/java/io/reactivex/rxjava3/tck/PublishTckTest.java,
RxJava,/src/test/java/io/reactivex/rxjava3/internal/operators/flowable/FlowableToFutureTest.java,
RxJava,/src/test/java/io/reactivex/rxjava3/core/ConverterTest.java,
RxJava,/src/test/java/io/reactivex/rxjava3/tck/BaseTck.java,
RxJava,/src/test/java/io/reactivex/rxjava3/tck/MergeWithMaybeTckTest.java,
RxJava,/src/test/java/io/reactivex/rxjava3/internal/operators/maybe/MaybeFromSingleTest.java,
RxJava,/src/test/java/io/reactivex/rxjava3/internal/operators/flowable/FlowableFromRunnableTest.java,
RxJava,/src/test/java/io/reactivex/rxjava3/internal/subscribers/BasicFuseableSubscriberTest.java,
RxJava,/src/test/java/io/reactivex/rxjava3/tck/GroupByTckTest.java,
RxJava,/src/test/java/io/reactivex/rxjava3/subjects/BehaviorSubjectTest.java,
RxJava,/src/test/java/io/reactivex/rxjava3/internal/jdk8/SingleFlattenStreamAsFlowableTckTest.java,
RxJava,/src/test/java/io/reactivex/rxjava3/schedulers/ExecutorSchedulerInterruptibleTest.java,
RxJava,/src/test/java/io/reactivex/rxjava3/internal/operators/flowable/FlowableFromCallableTest.java,
RxJava,/src/test/java/io/reactivex/rxjava3/internal/operators/observable/ObservableSequenceEqualTest.java,
RxJava,/src/test/java/io/reactivex/rxjava3/tck/IntervalRangeTckTest.java,
RxJava,/src/test/java/io/reactivex/rxjava3/observers/ResourceMaybeObserverTest.java,
RxJava,/src/test/java/io/reactivex/rxjava3/internal/operators/single/SingleMergeTest.java,
RxJava,/src/test/java/io/reactivex/rxjava3/internal/operators/completable/CompletableSwitchOnNextTest.java,
RxJava,/src/test/java/io/reactivex/rxjava3/internal/subscribers/StrictSubscriberTest.java,
RxJava,/src/test/java/io/reactivex/rxjava3/tck/ReplayProcessorUnboundedAsPublisherTckTest.java,
RxJava,/src/test/java/io/reactivex/rxjava3/internal/operators/flowable/BlockingFlowableMostRecentTest.java,
RxJava,/src/test/java/io/reactivex/rxjava3/observable/ObservableCovarianceTest.java,
RxJava,/src/test/java/io/reactivex/rxjava3/internal/operators/single/SingleConcatEagerTest.java,
RxJava,/src/test/java/io/reactivex/rxjava3/internal/operators/flowable/FlowableRangeLongTest.java,
RxJava,/src/test/java/io/reactivex/rxjava3/tck/AnyTckTest.java,
RxJava,/src/test/java/io/reactivex/rxjava3/internal/operators/observable/ObservableRedoTest.java,
RxJava,/src/test/java/io/reactivex/rxjava3/internal/operators/completable/CompletableDisposeOnTest.java,
RxJava,/src/test/java/io/reactivex/rxjava3/internal/operators/completable/CompletableSubscribeTest.java,
RxJava,/src/test/java/io/reactivex/rxjava3/internal/operators/observable/ObservableMapNotificationTest.java,
RxJava,/src/test/java/io/reactivex/rxjava3/internal/fuseable/CancellableQueueFuseableTest.java,
RxJava,/src/test/java/io/reactivex/rxjava3/internal/jdk8/ParallelFlatMapStreamTest.java,
RxJava,/src/test/java/io/reactivex/rxjava3/internal/operators/observable/ObservableThrottleFirstTest.java,
RxJava,/src/test/java/io/reactivex/rxjava3/internal/operators/mixed/CompletableAndThenObservableTest.java,
RxJava,/src/test/java/io/reactivex/rxjava3/internal/operators/observable/ObservableReplayEagerTruncateTest.java,
RxJava,/src/test/java/io/reactivex/rxjava3/tck/WithLatestFromTckTest.java,
RxJava,/src/test/java/io/reactivex/rxjava3/internal/operators/maybe/MaybeEqualTest.java,
RxJava,/src/test/java/io/reactivex/rxjava3/tck/TakeLastTckTest.java,
RxJava,/src/test/java/io/reactivex/rxjava3/internal/operators/flowable/FlowableReplayEagerTruncateTest.java,
RxJava,/src/test/java/io/reactivex/rxjava3/internal/operators/maybe/MaybeFromCallableTest.java,
RxJava,/src/test/java/io/reactivex/rxjava3/internal/operators/flowable/FlowableDoOnEachTest.java,
RxJava,/src/test/java/io/reactivex/rxjava3/internal/operators/completable/CompletableDoFinallyTest.java,
RxJava,/src/test/java/io/reactivex/rxjava3/observers/ResourceObserverTest.java,
RxJava,/src/test/java/io/reactivex/rxjava3/internal/operators/maybe/MaybeHideTest.java,
RxJava,/src/test/java/io/reactivex/rxjava3/internal/operators/flowable/FlowableIgnoreElementsTest.java,
RxJava,/src/test/java/io/reactivex/rxjava3/internal/operators/mixed/CompletableAndThenPublisherTest.java,
RxJava,/src/test/java/io/reactivex/rxjava3/internal/operators/observable/ObservableJoinTest.java,
RxJava,/src/test/java/io/reactivex/rxjava3/internal/operators/observable/ObservableRetryTest.java,
RxJava,/src/test/java/io/reactivex/rxjava3/subjects/ReplaySubjectTest.java,
RxJava,/src/test/java/io/reactivex/rxjava3/internal/util/AtomicThrowableTest.java,
RxJava,/src/test/java/io/reactivex/rxjava3/internal/operators/maybe/MaybeToCompletableTest.java,
RxJava,/src/test/java/io/reactivex/rxjava3/internal/operators/flowable/FlowableReplayTest.java,
RxJava,/src/test/java/io/reactivex/rxjava3/flowable/FlowableDoAfterNextTest.java,
RxJava,/src/test/java/io/reactivex/rxjava3/internal/operators/single/SingleDeferTest.java,
RxJava,/src/test/java/io/reactivex/rxjava3/tck/RetryTckTest.java,
RxJava,/src/test/java/io/reactivex/rxjava3/internal/operators/flowable/FlowableDistinctTest.java,
RxJava,/src/test/java/io/reactivex/rxjava3/internal/operators/flowable/FlowableLastTest.java,
RxJava,/src/test/java/io/reactivex/rxjava3/internal/operators/observable/ObservableFlatMapCompletableTest.java,
RxJava,/src/test/java/io/reactivex/rxjava3/validators/CheckLocalVariablesInTests.java,
RxJava,/src/test/java/io/reactivex/rxjava3/internal/operators/observable/ObservableWindowWithTimeTest.java,
RxJava,/src/test/java/io/reactivex/rxjava3/observable/ObservableTest.java,
RxJava,/src/test/java/io/reactivex/rxjava3/internal/operators/observable/ObservableTimerTest.java,
RxJava,/src/test/java/io/reactivex/rxjava3/internal/observers/DeferredScalarDisposableTest.java,
RxJava,/src/test/java/io/reactivex/rxjava3/internal/operators/observable/ObservableSkipWhileTest.java,
RxJava,/src/test/java/io/reactivex/rxjava3/internal/jdk8/FlowableFromStreamTest.java,
RxJava,/src/test/java/io/reactivex/rxjava3/subjects/SingleSubjectTest.java,
RxJava,/src/test/java/io/reactivex/rxjava3/internal/operators/observable/ObservableToListTest.java,
RxJava,/src/test/java/io/reactivex/rxjava3/tck/CollectTckTest.java,
RxJava,/src/test/java/io/reactivex/rxjava3/internal/operators/flowable/FlowableIntervalRangeTest.java,
RxJava,/src/test/java/io/reactivex/rxjava3/tck/ToListTckTest.java,
RxJava,/src/test/java/io/reactivex/rxjava3/internal/operators/flowable/FlowableConcatDelayErrorTest.java,
RxJava,/src/test/java/io/reactivex/rxjava3/internal/operators/mixed/ObservableConcatMapMaybeTest.java,
RxJava,/src/test/java/io/reactivex/rxjava3/internal/operators/flowable/BlockingFlowableToFutureTest.java,
RxJava,/src/test/java/io/reactivex/rxjava3/flowable/FlowableErrorHandlingTests.java,
RxJava,/src/test/java/io/reactivex/rxjava3/internal/operators/completable/CompletableMergeTest.java,
RxJava,/src/test/java/io/reactivex/rxjava3/internal/operators/completable/CompletableResumeNextTest.java,
RxJava,/src/test/java/io/reactivex/rxjava3/tck/SwitchMapDelayErrorTckTest.java,
RxJava,/src/test/java/io/reactivex/rxjava3/internal/operators/observable/ObservableForEachTest.java,
RxJava,/src/test/java/io/reactivex/rxjava3/internal/operators/flowable/FlowableConcatTest.java,
RxJava,/src/test/java/io/reactivex/rxjava3/internal/operators/observable/ObservableDistinctTest.java,
RxJava,/src/test/java/io/reactivex/rxjava3/internal/operators/observable/ObservableConcatMapSchedulerTest.java,
RxJava,/src/test/java/io/reactivex/rxjava3/tck/OnErrorResumeWithTckTest.java,
RxJava,/src/test/java/io/reactivex/rxjava3/internal/operators/single/SingleDetachTest.java,
RxJava,/src/test/java/io/reactivex/rxjava3/internal/operators/single/SingleFromCallableTest.java,
RxJava,/src/test/java/io/reactivex/rxjava3/internal/operators/single/SingleSubscribeOnTest.java,
RxJava,/src/test/java/io/reactivex/rxjava3/internal/operators/flowable/FlowableToSortedListTest.java,
RxJava,/src/test/java/io/reactivex/rxjava3/internal/operators/observable/ObservableOnErrorResumeNextTest.java,
RxJava,/src/test/java/io/reactivex/rxjava3/processors/FlowableProcessorTest.java,
RxJava,/src/test/java/io/reactivex/rxjava3/disposables/FutureDisposableTest.java,
RxJava,/src/test/java/io/reactivex/rxjava3/internal/operators/flowable/FlowableFlattenIterableTest.java,
RxJava,/src/test/java/io/reactivex/rxjava3/internal/operators/completable/CompletableDetachTest.java,
RxJava,/src/test/java/io/reactivex/rxjava3/internal/operators/flowable/FlowableFromIterableTest.java,
RxJava,/src/test/java/io/reactivex/rxjava3/internal/operators/observable/ObservableSwitchIfEmptyTest.java,
RxJava,/src/test/java/io/reactivex/rxjava3/internal/jdk8/FromOptional0TckTest.java,
RxJava,/src/test/java/io/reactivex/rxjava3/internal/operators/observable/ObservableTakeUntilPredicateTest.java,
RxJava,/src/test/java/io/reactivex/rxjava3/tck/GenerateTckTest.java,
RxJava,/src/test/java/io/reactivex/rxjava3/tck/CombineLatestArrayTckTest.java,
RxJava,/src/test/java/io/reactivex/rxjava3/internal/operators/flowable/FlowableSampleTest.java,
RxJava,/src/test/java/io/reactivex/rxjava3/internal/operators/flowable/FlowableOnErrorResumeNextViaFunctionTest.java,
RxJava,/src/test/java/io/reactivex/rxjava3/internal/operators/maybe/MaybeMergeTest.java,
RxJava,/src/test/java/io/reactivex/rxjava3/internal/operators/completable/CompletableHideTest.java,
RxJava,/src/test/java/io/reactivex/rxjava3/tck/ReduceWithTckTest.java,
RxJava,/src/test/java/io/reactivex/rxjava3/internal/disposables/ArrayCompositeDisposableTest.java,
RxJava,/src/test/java/io/reactivex/rxjava3/tck/ConcatWithMaybeTckTest.java,
RxJava,/src/test/java/io/reactivex/rxjava3/internal/operators/flowable/FlowableCastTest.java,
RxJava,/src/test/java/io/reactivex/rxjava3/schedulers/CachedThreadSchedulerTest.java,
RxJava,/src/test/java/io/reactivex/rxjava3/disposables/SequentialDisposableTest.java,
RxJava,/src/test/java/io/reactivex/rxjava3/internal/operators/completable/CompletableAndThenCompletableTest.java,
RxJava,/src/test/java/io/reactivex/rxjava3/internal/operators/flowable/FlowableConcatMapEagerTest.java,
RxJava,/src/test/java/io/reactivex/rxjava3/internal/operators/maybe/MaybeTimerTest.java,
RxJava,/src/test/java/io/reactivex/rxjava3/internal/operators/flowable/FlowableSerializeTest.java,
RxJava,/src/test/java/io/reactivex/rxjava3/internal/operators/flowable/FlowableTakeWhileTest.java,
RxJava,/src/test/java/io/reactivex/rxjava3/internal/operators/maybe/MaybeConcatMapCompletableTest.java,
RxJava,/src/test/java/io/reactivex/rxjava3/internal/jdk8/MaybeFlattenStreamAsFlowableTest.java,
RxJava,/src/test/java/io/reactivex/rxjava3/internal/operators/maybe/MaybeTimeoutPublisherTest.java,
RxJava,/src/test/java/io/reactivex/rxjava3/internal/operators/flowable/FlowableTakeLastTest.java,
RxJava,/src/test/java/io/reactivex/rxjava3/tck/MergeTckTest.java,
RxJava,/src/test/java/io/reactivex/rxjava3/single/SingleSubscribeTest.java,
RxJava,/src/test/java/io/reactivex/rxjava3/flowable/FlowableWindowTests.java,
RxJava,/src/test/java/io/reactivex/rxjava3/internal/operators/flowable/FlowableObserveOnTest.java,
RxJava,/src/test/java/io/reactivex/rxjava3/internal/operators/observable/ObservableFilterTest.java,
RxJava,/src/test/java/io/reactivex/rxjava3/internal/observers/FutureMultiObserverTest.java,
RxJava,/src/test/java/io/reactivex/rxjava3/exceptions/ExceptionsTest.java,
RxJava,/src/test/java/io/reactivex/rxjava3/schedulers/NewThreadSchedulerTest.java,
RxJava,/src/test/java/io/reactivex/rxjava3/internal/operators/observable/ObservableRetryWithPredicateTest.java,
RxJava,/src/test/java/io/reactivex/rxjava3/internal/operators/flowable/FlowableThrottleLatestTest.java,
RxJava,/src/test/java/io/reactivex/rxjava3/internal/operators/flowable/FlowableTakeTimedTest.java,
RxJava,/src/test/java/io/reactivex/rxjava3/internal/operators/maybe/MaybeConcatMapTest.java,
RxJava,/src/test/java/io/reactivex/rxjava3/internal/operators/observable/BlockingObservableLatestTest.java,
RxJava,/src/test/java/io/reactivex/rxjava3/tck/ToMultimapTckTest.java,
RxJava,/src/test/java/io/reactivex/rxjava3/subscribers/ResourceSubscriberTest.java,
RxJava,/src/test/java/io/reactivex/rxjava3/internal/operators/observable/ObservableDoOnSubscribeTest.java,
RxJava,/src/test/java/io/reactivex/rxjava3/tck/ConcatIterableEagerTckTest.java,
RxJava,/src/test/java/io/reactivex/rxjava3/internal/operators/observable/ObservableIgnoreElementsTest.java,
RxJava,/src/test/java/io/reactivex/rxjava3/internal/disposables/CancellableDisposableTest.java,
RxJava,/src/test/java/io/reactivex/rxjava3/internal/operators/observable/ObservableZipCompletionTest.java,
RxJava,/src/test/java/io/reactivex/rxjava3/internal/schedulers/SingleSchedulerTest.java,
RxJava,/src/test/java/io/reactivex/rxjava3/internal/operators/flowable/FlowableInternalHelperTest.java,
RxJava,/src/test/java/io/reactivex/rxjava3/internal/operators/single/SingleCreateTest.java,
RxJava,/src/test/java/io/reactivex/rxjava3/internal/jdk8/ObservableBlockingStreamTest.java,
RxJava,/src/test/java/io/reactivex/rxjava3/internal/operators/flowable/FlowableReduceTest.java,
RxJava,/src/test/java/io/reactivex/rxjava3/internal/operators/flowable/FlowableBufferTest.java,
RxJava,/src/test/java/io/reactivex/rxjava3/tck/ConcatArrayEagerTckTest.java,
RxJava,/src/test/java/io/reactivex/rxjava3/internal/schedulers/InstantPeriodicTaskTest.java,
RxJava,/src/test/java/io/reactivex/rxjava3/internal/operators/observable/ObservableFromTest.java,
RxJava,/src/test/java/io/reactivex/rxjava3/flowable/FlowableConcatTests.java,
RxJava,/src/test/java/io/reactivex/rxjava3/tck/HideTckTest.java,
RxJava,/src/test/java/io/reactivex/rxjava3/tck/DistinctUntilChangedTckTest.java,
RxJava,/src/test/java/io/reactivex/rxjava3/single/SingleRetryTest.java,
RxJava,/src/test/java/io/reactivex/rxjava3/internal/operators/completable/CompletableFromSupplierTest.java,
RxJava,/src/test/java/io/reactivex/rxjava3/internal/subscribers/SubscriberResourceWrapperTest.java,
RxJava,/src/test/java/io/reactivex/rxjava3/validators/TextualAorAn.java,
RxJava,/src/test/java/io/reactivex/rxjava3/internal/operators/observable/ObservableIntervalTest.java,
RxJava,/src/test/java/io/reactivex/rxjava3/internal/schedulers/AbstractDirectTaskTest.java,
RxJava,/src/test/java/io/reactivex/rxjava3/tck/ReplayProcessorTimeBoundAsPublisherTckTest.java,
RxJava,/src/test/java/io/reactivex/rxjava3/tck/IntervalTckTest.java,
RxJava,/src/test/java/io/reactivex/rxjava3/internal/operators/observable/ObservableTakeUntilTest.java,
RxJava,/src/test/java/io/reactivex/rxjava3/internal/operators/flowable/FlowableTimerTest.java,
RxJava,/src/test/java/io/reactivex/rxjava3/internal/operators/flowable/FlowableToMultimapTest.java,
RxJava,/src/test/java/io/reactivex/rxjava3/internal/operators/observable/BlockingObservableToIteratorTest.java,
RxJava,/src/test/java/io/reactivex/rxjava3/internal/operators/single/SingleDoOnTest.java,
RxJava,/src/test/java/io/reactivex/rxjava3/internal/operators/observable/ObservableDelaySubscriptionOtherTest.java,
RxJava,/src/test/java/io/reactivex/rxjava3/internal/operators/maybe/MaybeMergeWithTest.java,
RxJava,/src/test/java/io/reactivex/rxjava3/validators/CatchThrowIfFatalCheck.java,
RxJava,/src/test/java/io/reactivex/rxjava3/internal/operators/maybe/MaybeStartWithTest.java,
RxJava,/src/test/java/io/reactivex/rxjava3/internal/operators/observable/ObservableFromCompletableTest.java,
RxJava,/src/test/java/io/reactivex/rxjava3/parallel/ParallelFilterTryTest.java,
RxJava,/src/test/java/io/reactivex/rxjava3/tck/SequenceEqualTckTest.java,
RxJava,/src/test/java/io/reactivex/rxjava3/internal/operators/maybe/MaybeConcatEagerTest.java,
RxJava,/src/test/java/io/reactivex/rxjava3/internal/jdk8/ParallelMapTryOptionalTest.java,
RxJava,/src/test/java/io/reactivex/rxjava3/internal/operators/maybe/MaybeFlattenTest.java,
RxJava,/src/test/java/io/reactivex/rxjava3/internal/jdk8/SingleFlattenStreamAsObservableTest.java,
RxJava,/src/test/java/io/reactivex/rxjava3/subjects/AsyncSubjectTest.java,
RxJava,/src/test/java/io/reactivex/rxjava3/tck/DoFinallyTckTest.java,
RxJava,/src/test/java/io/reactivex/rxjava3/internal/operators/mixed/FlowableConcatMapSingleTest.java,
RxJava,/src/test/java/io/reactivex/rxjava3/tck/TimeoutTckTest.java,
RxJava,/src/test/java/io/reactivex/rxjava3/internal/operators/flowable/FlowableStartWithTest.java,
RxJava,/src/test/java/io/reactivex/rxjava3/internal/operators/single/SingleOfTypeTest.java,
RxJava,/src/test/java/io/reactivex/rxjava3/internal/jdk8/MaybeMapOptionalTest.java,
RxJava,/src/test/java/io/reactivex/rxjava3/tck/MergeWithCompletableTckTest.java,
RxJava,/src/test/java/io/reactivex/rxjava3/internal/jdk8/FlowableStageSubscriberOrDefaultTest.java,
RxJava,/src/test/java/io/reactivex/rxjava3/internal/operators/maybe/MaybeToFutureTest.java,
RxJava,/src/test/java/io/reactivex/rxjava3/internal/operators/mixed/MaybeFlatMapPublisherTest.java,
RxJava,/src/test/java/io/reactivex/rxjava3/internal/operators/flowable/FlowableUsingTest.java,
RxJava,/src/test/java/io/reactivex/rxjava3/tck/IgnoreElementsTckTest.java,
RxJava,/src/test/java/io/reactivex/rxjava3/internal/operators/observable/ObservableHideTest.java,
RxJava,/src/test/java/io/reactivex/rxjava3/tck/TimeIntervalTckTest.java,
RxJava,/src/test/java/io/reactivex/rxjava3/internal/subscribers/SinglePostCompleteSubscriberTest.java,
RxJava,/src/test/java/io/reactivex/rxjava3/internal/operators/observable/ObservableFirstTest.java,
RxJava,/src/test/java/io/reactivex/rxjava3/internal/observers/BlockingFirstObserverTest.java,
RxJava,/src/test/java/io/reactivex/rxjava3/internal/jdk8/CollectWithCollectorTckTest.java,
RxJava,/src/test/java/io/reactivex/rxjava3/internal/operators/observable/ObservablePublishTest.java,
RxJava,/src/test/java/io/reactivex/rxjava3/internal/operators/maybe/MaybeConcatPublisherTest.java,
RxJava,/src/test/java/io/reactivex/rxjava3/internal/operators/flowable/FlowableAnyTest.java,
RxJava,/src/test/java/io/reactivex/rxjava3/internal/operators/single/SingleUnsubscribeOnTest.java,
RxJava,/src/test/java/io/reactivex/rxjava3/observable/ObservableThrottleLastTests.java,
RxJava,/src/test/java/io/reactivex/rxjava3/internal/operators/observable/ObservableFlatMapSingleTest.java,
RxJava,/src/test/java/io/reactivex/rxjava3/internal/operators/maybe/MaybeZipIterableTest.java,
RxJava,/src/test/java/io/reactivex/rxjava3/validators/MaybeNo2Dot0Since.java,
RxJava,/src/test/java/io/reactivex/rxjava3/tck/CacheTckTest.java,
RxJava,/src/test/java/io/reactivex/rxjava3/internal/operators/flowable/FlowableCacheTest.java,
RxJava,/src/test/java/io/reactivex/rxjava3/internal/operators/single/SingleUsingTest.java,
RxJava,/src/test/java/io/reactivex/rxjava3/internal/operators/completable/CompletableBlockingSubscribeTest.java,
RxJava,/src/test/java/io/reactivex/rxjava3/internal/schedulers/SchedulerWhenTest.java,
RxJava,/src/test/java/io/reactivex/rxjava3/processors/AsyncProcessorTest.java,
RxJava,/src/test/java/io/reactivex/rxjava3/internal/operators/observable/ObservableWithLatestFromTest.java,
RxJava,/src/test/java/io/reactivex/rxjava3/schedulers/ComputationSchedulerTests.java,
RxJava,/src/test/java/io/reactivex/rxjava3/tck/FilterTckTest.java,
RxJava,/src/test/java/io/reactivex/rxjava3/internal/operators/observable/ObservableMergeWithCompletableTest.java,
RxJava,/src/test/java/io/reactivex/rxjava3/internal/subscriptions/DeferredScalarSubscriptionTest.java,
RxJava,/src/test/java/io/reactivex/rxjava3/tck/FromCallableTckTest.java,
RxJava,/src/test/java/io/reactivex/rxjava3/flowable/FlowableMergeTests.java,
RxJava,/src/test/java/io/reactivex/rxjava3/internal/operators/flowable/FlowableTimeIntervalTest.java,
RxJava,/src/test/java/io/reactivex/rxjava3/exceptions/OnErrorNotImplementedExceptionTest.java,
RxJava,/src/test/java/io/reactivex/rxjava3/core/SchedulerTest.java,
RxJava,/src/test/java/io/reactivex/rxjava3/internal/operators/observable/ObservableScalarXMapTest.java,
RxJava,/src/test/java/io/reactivex/rxjava3/tck/ToSortedListTckTest.java,
RxJava,/src/test/java/io/reactivex/rxjava3/tck/ShareTckTest.java,
RxJava,/src/test/java/io/reactivex/rxjava3/internal/operators/flowable/FlowableSwitchTest.java,
RxJava,/src/test/java/io/reactivex/rxjava3/subscribers/TestSubscriberTest.java,
RxJava,/src/test/java/io/reactivex/rxjava3/internal/operators/flowable/FlowableFromArrayTest.java,
RxJava,/src/test/java/io/reactivex/rxjava3/internal/operators/maybe/MaybeTimeoutTest.java,
RxJava,/src/test/java/io/reactivex/rxjava3/internal/operators/maybe/MaybeDetachTest.java,
RxJava,/src/test/java/io/reactivex/rxjava3/internal/operators/flowable/FlowableFlatMapTest.java,
RxJava,/src/test/java/io/reactivex/rxjava3/parallel/ParallelRunOnTest.java,
RxJava,/src/test/java/io/reactivex/rxjava3/tck/DelayTckTest.java,
RxJava,/src/test/java/io/reactivex/rxjava3/internal/schedulers/InterruptibleRunnableTest.java,
RxJava,/src/test/java/io/reactivex/rxjava3/tck/ConcatWithCompletableTckTest.java,
RxJava,/src/test/java/io/reactivex/rxjava3/tck/DoOnNextTckTest.java,
RxJava,/src/test/java/io/reactivex/rxjava3/internal/operators/observable/ObservableSkipUntilTest.java,
RxJava,/src/test/java/io/reactivex/rxjava3/flowable/FlowableNullTests.java,
RxJava,/src/test/java/io/reactivex/rxjava3/internal/operators/flowable/FlowableCombineLatestTest.java,
RxJava,/src/test/java/io/reactivex/rxjava3/internal/SubscribeWithTest.java,
RxJava,/src/test/java/io/reactivex/rxjava3/internal/operators/single/SingleZipTest.java,
RxJava,/src/test/java/io/reactivex/rxjava3/internal/operators/completable/CompletableToObservableTest.java,
RxJava,/src/test/java/io/reactivex/rxjava3/flowable/FlowableEventStreamTest.java,
RxJava,/src/test/java/io/reactivex/rxjava3/subjects/ReplaySubjectConcurrencyTest.java,
RxJava,/src/test/java/io/reactivex/rxjava3/internal/operators/single/SingleConcatArrayEagerDelayErrorTest.java,
RxJava,/src/test/java/io/reactivex/rxjava3/internal/operators/single/SingleFlatMapIterableObservableTest.java,
RxJava,/src/test/java/io/reactivex/rxjava3/internal/operators/flowable/FlowableOnErrorCompleteTest.java,
RxJava,/src/test/java/io/reactivex/rxjava3/internal/operators/observable/ObservableFinallyTest.java,
RxJava,/src/test/java/io/reactivex/rxjava3/internal/operators/maybe/MaybeFromPubisherTest.java,
RxJava,/src/test/java/io/reactivex/rxjava3/tck/SwitchIfEmptyTckTest.java,
RxJava,/src/test/java/io/reactivex/rxjava3/schedulers/TestSchedulerTest.java,
RxJava,/src/test/java/io/reactivex/rxjava3/internal/operators/mixed/ObservableSwitchMapCompletableTest.java,
RxJava,/src/test/java/io/reactivex/rxjava3/internal/operators/flowable/FlowableRefCountTest.java,
RxJava,/src/test/java/io/reactivex/rxjava3/internal/operators/flowable/FlowableTimestampTest.java,
RxJava,/src/test/java/io/reactivex/rxjava3/internal/jdk8/MapOptionalTckTest.java,
RxJava,/src/test/java/io/reactivex/rxjava3/internal/jdk8/SingleFromCompletionStageTest.java,
RxJava,/src/test/java/io/reactivex/rxjava3/internal/operators/maybe/MaybeDoOnEventTest.java,
RxJava,/src/test/java/io/reactivex/rxjava3/internal/schedulers/SchedulerMultiWorkerSupportTest.java,
RxJava,/src/test/java/io/reactivex/rxjava3/internal/operators/maybe/MaybeOfTypeTest.java,
RxJava,/src/test/java/io/reactivex/rxjava3/internal/operators/observable/ObservableTakeWhileTest.java,
RxJava,/src/test/java/io/reactivex/rxjava3/internal/operators/observable/ObservableAutoConnectTest.java,
RxJava,/src/test/java/io/reactivex/rxjava3/internal/operators/maybe/MaybeIgnoreElementTest.java,
RxJava,/src/test/java/io/reactivex/rxjava3/internal/operators/flowable/FlowableTakeLastTimedTest.java,
RxJava,/src/test/java/io/reactivex/rxjava3/internal/jdk8/ObservableStageSubscriberOrDefaultTest.java,
RxJava,/src/test/java/io/reactivex/rxjava3/internal/jdk8/FromCompletionStageTckTest.java,
RxJava,/src/test/java/io/reactivex/rxjava3/internal/subscriptions/QueueSubscriptionTest.java,
RxJava,/src/test/java/io/reactivex/rxjava3/internal/operators/flowable/FlowableDoAfterNextTest.java,
RxJava,/src/test/java/io/reactivex/rxjava3/internal/schedulers/RxThreadFactoryTest.java,
RxJava,/src/test/java/io/reactivex/rxjava3/observable/ObservableThrottleWithTimeoutTests.java,
RxJava,/src/test/java/io/reactivex/rxjava3/tck/PublishSelectorTckTest.java,
RxJava,/src/test/java/io/reactivex/rxjava3/internal/operators/completable/CompletableConcatArrayDelayErrorTest.java,
RxJava,/src/test/java/io/reactivex/rxjava3/flowable/FlowableCollectTest.java,
RxJava,/src/test/java/io/reactivex/rxjava3/parallel/ParallelFromPublisherTest.java,
RxJava,/src/test/java/io/reactivex/rxjava3/internal/operators/flowable/FlowableFromSingleTest.java,
RxJava,/src/test/java/io/reactivex/rxjava3/processors/ReplayProcessorTest.java,
RxJava,/src/test/java/io/reactivex/rxjava3/internal/operators/maybe/MaybeFromCompletableTest.java,
RxJava,/src/test/java/io/reactivex/rxjava3/internal/operators/observable/ObservableFromSupplierTest.java,
RxJava,/src/test/java/io/reactivex/rxjava3/internal/operators/flowable/FlowableGenerateTest.java,
RxJava,/src/test/java/io/reactivex/rxjava3/internal/operators/flowable/FlowableDistinctUntilChangedTest.java,
RxJava,/src/test/java/io/reactivex/rxjava3/internal/operators/flowable/FlowableSingleTest.java,
RxJava,/src/test/java/io/reactivex/rxjava3/internal/operators/single/SingleConcatMapCompletableTest.java,
RxJava,/src/test/java/io/reactivex/rxjava3/internal/operators/completable/CompletableUsingTest.java,
RxJava,/src/test/java/io/reactivex/rxjava3/internal/operators/flowable/FlowableFromObservableTest.java,
RxJava,/src/test/java/io/reactivex/rxjava3/internal/operators/completable/CompletableUnsafeTest.java,
RxJava,/src/test/java/io/reactivex/rxjava3/internal/operators/flowable/FlowableFlatMapMaybeTest.java,
RxJava,/src/test/java/io/reactivex/rxjava3/subjects/SubjectTest.java,
RxJava,/src/test/java/io/reactivex/rxjava3/testsupport/TestObserverExTest.java,
RxJava,/src/test/java/io/reactivex/rxjava3/internal/operators/completable/CompletableSafeSubscribeTest.java,
RxJava,/src/test/java/io/reactivex/rxjava3/tck/ScanTckTest.java,
RxJava,/src/test/java/io/reactivex/rxjava3/internal/util/BackpressureHelperTest.java,
RxJava,/src/test/java/io/reactivex/rxjava3/internal/operators/observable/ObservableStartWithTest.java,
RxJava,/src/test/java/io/reactivex/rxjava3/internal/operators/completable/CompletableTimeoutTest.java,
RxJava,/src/test/java/io/reactivex/rxjava3/internal/operators/observable/ObservableToSortedListTest.java,
RxJava,/src/test/java/io/reactivex/rxjava3/internal/operators/maybe/MaybeFromObservableTest.java,
RxJava,/src/test/java/io/reactivex/rxjava3/internal/operators/single/SingleOnErrorXTest.java,
RxJava,/src/test/java/io/reactivex/rxjava3/internal/operators/maybe/MaybeTakeUntilTest.java,
RxJava,/src/test/java/io/reactivex/rxjava3/internal/operators/flowable/FlowableFlatMapSingleTest.java,
RxJava,/src/test/java/io/reactivex/rxjava3/internal/operators/completable/CompletableMaterializeTest.java,
RxJava,/src/test/java/io/reactivex/rxjava3/flowable/FlowableCovarianceTest.java,
RxJava,/src/test/java/io/reactivex/rxjava3/tck/ZipIterableTckTest.java,
RxJava,/src/test/java/io/reactivex/rxjava3/internal/subscribers/BoundedSubscriberTest.java,
RxJava,/src/test/java/io/reactivex/rxjava3/internal/operators/maybe/MaybeUsingTest.java,
RxJava,/src/test/java/io/reactivex/rxjava3/internal/operators/observable/ObservableBlockingTest.java,
RxJava,/src/test/java/io/reactivex/rxjava3/internal/operators/single/SingleConcatTest.java,
RxJava,/src/test/java/io/reactivex/rxjava3/internal/operators/single/SingleContainstTest.java,
RxJava,/src/test/java/io/reactivex/rxjava3/flowable/FlowableThrottleLastTests.java,
RxJava,/src/test/java/io/reactivex/rxjava3/processors/MulticastProcessorTest.java,
RxJava,/src/test/java/io/reactivex/rxjava3/internal/operators/completable/CompletableSequenceEqualTest.java,
RxJava,/src/test/java/io/reactivex/rxjava3/internal/subscribers/DeferredScalarSubscriberTest.java,
RxJava,/src/test/java/io/reactivex/rxjava3/internal/operators/observable/ObservableDoAfterNextTest.java,
RxJava,/src/test/java/io/reactivex/rxjava3/internal/operators/maybe/MaybeFlatMapSingleElementTest.java,
RxJava,/src/test/java/io/reactivex/rxjava3/disposables/SerialDisposableTests.java,
RxJava,/src/test/java/io/reactivex/rxjava3/internal/jdk8/ObservableFromOptionalTest.java,
RxJava,/src/test/java/io/reactivex/rxjava3/internal/subscribers/BasicFuseableConditionalSubscriberTest.java,
RxJava,/src/test/java/io/reactivex/rxjava3/internal/operators/observable/ObservableToFutureTest.java,
RxJava,/src/test/java/io/reactivex/rxjava3/internal/operators/completable/CompletableTakeUntilTest.java,
RxJava,/src/test/java/io/reactivex/rxjava3/validators/InternalWrongNaming.java,
RxJava,/src/test/java/io/reactivex/rxjava3/internal/schedulers/ImmediateThinSchedulerTest.java,
RxJava,/src/test/java/io/reactivex/rxjava3/tck/TakeTckTest.java,
RxJava,/src/test/java/io/reactivex/rxjava3/internal/operators/observable/ObservableScanTest.java,
RxJava,/src/test/java/io/reactivex/rxjava3/internal/operators/observable/BlockingObservableToFutureTest.java,
RxJava,/src/test/java/io/reactivex/rxjava3/observers/ResourceCompletableObserverTest.java,
RxJava,/src/test/java/io/reactivex/rxjava3/internal/operators/maybe/MaybeCacheTest.java,
RxJava,/src/test/java/io/reactivex/rxjava3/internal/operators/flowable/FlowableFromSupplierTest.java,
RxJava,/src/test/java/io/reactivex/rxjava3/subjects/MaybeSubjectTest.java,
RxJava,/src/test/java/io/reactivex/rxjava3/internal/operators/flowable/FlowableDoAfterTerminateTest.java,
RxJava,/src/test/java/io/reactivex/rxjava3/validators/NoAnonymousInnerClassesTest.java,
RxJava,/src/test/java/io/reactivex/rxjava3/tck/WindowBoundaryTckTest.java,
RxJava,/src/test/java/io/reactivex/rxjava3/internal/operators/single/SingleMiscTest.java,
RxJava,/src/test/java/io/reactivex/rxjava3/internal/jdk8/FlatMapStream1TckTest.java,
RxJava,/src/test/java/io/reactivex/rxjava3/flowable/FlowableFuseableTest.java,
RxJava,/src/test/java/io/reactivex/rxjava3/flowable/FlowableNotificationTest.java,
RxJava,/src/test/java/io/reactivex/rxjava3/tck/DeferTckTest.java,
RxJava,/src/test/java/io/reactivex/rxjava3/internal/operators/flowable/FlowableDefaultIfEmptyTest.java,
RxJava,/src/test/java/io/reactivex/rxjava3/internal/operators/flowable/FlowableMergeWithCompletableTest.java,
RxJava,/src/test/java/io/reactivex/rxjava3/internal/operators/single/SingleFlatMapTest.java,
RxJava,/src/test/java/io/reactivex/rxjava3/internal/observers/InnerQueuedObserverTest.java,
RxJava,/src/test/java/io/reactivex/rxjava3/internal/operators/maybe/MaybeContainsTest.java,
RxJava,/src/test/java/io/reactivex/rxjava3/internal/operators/observable/ObservableConcatWithCompletableTest.java,
RxJava,/src/test/java/io/reactivex/rxjava3/tck/EmptyTckTest.java,
RxJava,/src/test/java/io/reactivex/rxjava3/internal/operators/flowable/FlowableFilterTest.java,
RxJava,/src/test/java/io/reactivex/rxjava3/internal/operators/observable/ObservableGroupJoinTest.java,
RxJava,/src/test/java/io/reactivex/rxjava3/internal/operators/flowable/FlowableAllTest.java,
RxJava,/src/test/java/io/reactivex/rxjava3/internal/operators/completable/CompletableFromPublisherTest.java,
RxJava,/src/test/java/io/reactivex/rxjava3/internal/operators/maybe/MaybeToFlowableTest.java,
RxJava,/src/test/java/io/reactivex/rxjava3/flowable/FlowableDoOnTest.java,
RxJava,/src/test/java/io/reactivex/rxjava3/internal/operators/flowable/FlowableToSingleTest.java,
RxJava,/src/test/java/io/reactivex/rxjava3/internal/operators/observable/BlockingObservableNextTest.java,
RxJava,/src/test/java/io/reactivex/rxjava3/internal/operators/single/SingleStartWithTest.java,
RxJava,/src/test/java/io/reactivex/rxjava3/single/SingleCacheTest.java,
RxJava,/src/test/java/io/reactivex/rxjava3/internal/observers/ConsumerSingleObserverTest.java,
RxJava,/src/test/java/io/reactivex/rxjava3/tck/CompletableAndThenPublisherTckTest.java,
RxJava,/src/test/java/io/reactivex/rxjava3/observers/SafeObserverTest.java,
RxJava,/src/test/java/io/reactivex/rxjava3/subjects/UnicastSubjectTest.java,
RxJava,/src/test/java/io/reactivex/rxjava3/internal/subscribers/FutureSubscriberTest.java,
RxJava,/src/test/java/io/reactivex/rxjava3/observable/ObservableZipTests.java,
RxJava,/src/test/java/io/reactivex/rxjava3/tck/DefaultIfEmptyTckTest.java,
RxJava,/src/test/java/io/reactivex/rxjava3/tck/SortedTckTest.java,
RxJava,/src/test/java/io/reactivex/rxjava3/internal/operators/maybe/MaybeTimestampTest.java,
RxJava,/src/test/java/io/reactivex/rxjava3/internal/operators/maybe/MaybeBlockingSubscribeTest.java,
RxJava,/src/test/java/io/reactivex/rxjava3/internal/operators/single/SingleFromMaybeTest.java,
RxJava,/src/test/java/io/reactivex/rxjava3/internal/operators/flowable/FlowableSwitchIfEmptyTest.java,
RxJava,/src/test/java/io/reactivex/rxjava3/internal/operators/completable/CompletableFromRunnableTest.java,
RxJava,/src/test/java/io/reactivex/rxjava3/validators/SourceAnnotationCheck.java,
RxJava,/src/test/java/io/reactivex/rxjava3/internal/jdk8/MaybeFromCompletionStageTest.java,
RxJava,/src/test/java/io/reactivex/rxjava3/internal/jdk8/ObservableFromStreamTest.java,
RxJava,/src/test/java/io/reactivex/rxjava3/single/SingleNullTests.java,
RxJava,/src/test/java/io/reactivex/rxjava3/internal/operators/single/SingleCacheTest.java,
RxJava,/src/test/java/io/reactivex/rxjava3/internal/operators/maybe/MaybeToObservableTest.java,
RxJava,/src/test/java/io/reactivex/rxjava3/internal/operators/observable/BlockingObservableMostRecentTest.java,
RxJava,/src/test/java/io/reactivex/rxjava3/internal/operators/maybe/MaybeSafeSubscribeTest.java,
RxJava,/src/test/java/io/reactivex/rxjava3/internal/operators/observable/ObservableFlatMapTest.java,
RxJava,/src/test/java/io/reactivex/rxjava3/internal/operators/observable/ObservableSkipLastTimedTest.java,
RxJava,/src/test/java/io/reactivex/rxjava3/internal/jdk8/ObservableFlatMapStreamTest.java,
RxJava,/src/test/java/io/reactivex/rxjava3/internal/operators/observable/ObservableDoFinallyTest.java,
RxJava,/src/test/java/io/reactivex/rxjava3/internal/operators/single/SingleObserveOnTest.java,
RxJava,/src/test/java/io/reactivex/rxjava3/internal/jdk8/FlatMapStream2HTckTest.java,
RxJava,/src/test/java/io/reactivex/rxjava3/internal/operators/flowable/FlowableIntervalTest.java,
RxJava,/src/test/java/io/reactivex/rxjava3/internal/operators/observable/ObservableAnyTest.java,
RxJava,/src/test/java/io/reactivex/rxjava3/tck/FirstTckTest.java,
RxJava,/src/test/java/io/reactivex/rxjava3/internal/operators/flowable/FlowableGroupByTest.java,
RxJava,/src/test/java/io/reactivex/rxjava3/internal/operators/observable/ObservableBufferUntilSubscriberTest.java,
RxJava,/src/test/java/io/reactivex/rxjava3/tck/LastTckTest.java,
RxJava,/src/test/java/io/reactivex/rxjava3/tck/RepeatTckTest.java,
RxJava,/src/test/java/io/reactivex/rxjava3/internal/operators/flowable/FlowableWindowWithStartEndFlowableTest.java,
RxJava,/src/test/java/io/reactivex/rxjava3/internal/operators/observable/ObservableConcatWithMaybeTest.java,
RxJava,/src/test/java/io/reactivex/rxjava3/internal/operators/flowable/FlowableTimeoutWithSelectorTest.java,
RxJava,/src/test/java/io/reactivex/rxjava3/internal/util/MiscUtilTest.java,
RxJava,/src/test/java/io/reactivex/rxjava3/internal/operators/completable/CompletableStartWithTest.java,
RxJava,/src/test/java/io/reactivex/rxjava3/internal/operators/maybe/MaybeCreateTest.java,
RxJava,/src/test/java/io/reactivex/rxjava3/internal/jdk8/FlowableBlockingStreamTest.java,
RxJava,/src/test/java/io/reactivex/rxjava3/internal/operators/flowable/FlowableBlockingTest.java,
RxJava,/src/test/java/io/reactivex/rxjava3/tck/WindowExactSizeTckTest.java,
RxJava,/src/test/java/io/reactivex/rxjava3/internal/operators/maybe/MaybeCountTest.java,
RxJava,/src/test/java/io/reactivex/rxjava3/internal/operators/maybe/MaybeOnErrorXTest.java,
RxJava,/src/test/java/io/reactivex/rxjava3/observers/DisposableCompletableObserverTest.java,
RxJava,/src/test/java/io/reactivex/rxjava3/internal/operators/maybe/MaybeDematerializeTest.java,
RxJava,/src/test/java/io/reactivex/rxjava3/internal/observers/DeferredScalarObserverTest.java,
RxJava,/src/test/java/io/reactivex/rxjava3/internal/operators/single/SingleSwitchOnNextTest.java,
RxJava,/src/test/java/io/reactivex/rxjava3/subjects/PublishSubjectTest.java,
RxJava,/src/test/java/io/reactivex/rxjava3/internal/operators/observable/ObservableFromRunnableTest.java,
RxJava,/src/test/java/io/reactivex/rxjava3/internal/observers/BasicQueueDisposableTest.java,
RxJava,/src/test/java/io/reactivex/rxjava3/internal/operators/flowable/FlowableFlatMapCompletableTest.java,
RxJava,/src/test/java/io/reactivex/rxjava3/internal/operators/flowable/FlowableTimeoutTests.java,
RxJava,/src/test/java/io/reactivex/rxjava3/internal/operators/observable/ObservableDoOnUnsubscribeTest.java,
RxJava,/src/test/java/io/reactivex/rxjava3/schedulers/AbstractSchedulerTests.java,
RxJava,/src/test/java/io/reactivex/rxjava3/internal/operators/mixed/ObservableSwitchMapMaybeTest.java,
RxJava,/src/test/java/io/reactivex/rxjava3/internal/operators/observable/ObservableFromCallableTest.java,
RxJava,/src/test/java/io/reactivex/rxjava3/internal/operators/observable/ObservableLiftTest.java,
RxJava,/src/test/java/io/reactivex/rxjava3/observable/ObservableNullTests.java,
RxJava,/src/test/java/io/reactivex/rxjava3/internal/disposables/ListCompositeDisposableTest.java,
RxJava,/src/test/java/io/reactivex/rxjava3/internal/operators/maybe/MaybeSwitchIfEmptyTest.java,
RxJava,/src/test/java/io/reactivex/rxjava3/tck/OnBackpressureBufferTckTest.java,
RxJava,/src/test/java/io/reactivex/rxjava3/internal/util/HalfSerializerSubscriberTest.java,
RxJava,/src/test/java/io/reactivex/rxjava3/flowable/FlowableCombineLatestTests.java,
RxJava,/src/test/java/io/reactivex/rxjava3/internal/operators/maybe/MaybeIsEmptyTest.java,
RxJava,/src/test/java/io/reactivex/rxjava3/tck/CombineLatestIterableDelayErrorTckTest.java,
RxJava,/src/test/java/io/reactivex/rxjava3/tck/FromFutureTckTest.java,
RxJava,/src/test/java/io/reactivex/rxjava3/internal/operators/observable/ObservableRepeatTest.java,
RxJava,/src/test/java/io/reactivex/rxjava3/tck/ConcatWithSingleTckTest.java,
RxJava,/src/test/java/io/reactivex/rxjava3/tck/ZipWithTckTest.java,
RxJava,/src/test/java/io/reactivex/rxjava3/internal/operators/flowable/FlowablePublishTest.java,
RxJava,/src/test/java/io/reactivex/rxjava3/internal/operators/flowable/FlowableHideTest.java,
RxJava,/src/test/java/io/reactivex/rxjava3/internal/jdk8/FlatMapStream0HTckTest.java,
RxJava,/src/test/java/io/reactivex/rxjava3/validators/TestPrefixInMethodName.java,
RxJava,/src/test/java/io/reactivex/rxjava3/internal/operators/single/SingleSafeSubscribeTest.java,
RxJava,/src/test/java/io/reactivex/rxjava3/internal/operators/completable/CompletablePeekTest.java,
RxJava,/src/test/java/io/reactivex/rxjava3/tck/AsyncProcessorAsPublisherTckTest.java,
RxJava,/src/test/java/io/reactivex/rxjava3/core/RxJavaTest.java,
RxJava,/src/test/java/io/reactivex/rxjava3/validators/ParameterNamesInClassesTest.java,
RxJava,/src/test/java/io/reactivex/rxjava3/internal/operators/maybe/MaybeConcatIterableTest.java,
RxJava,/src/test/java/io/reactivex/rxjava3/internal/operators/single/SingleAmbTest.java,
RxJava,/src/test/java/io/reactivex/rxjava3/validators/JavadocFindUnescapedAngleBrackets.java,
RxJava,/src/test/java/io/reactivex/rxjava3/internal/jdk8/ParallelCollectorTest.java,
RxJava,/src/test/java/io/reactivex/rxjava3/internal/operators/flowable/FlowableDelayTest.java,
RxJava,/src/test/java/io/reactivex/rxjava3/processors/ReplayProcessorBoundedConcurrencyTest.java,
RxJava,/src/test/java/io/reactivex/rxjava3/internal/operators/observable/ObservableOnErrorReturnTest.java,
RxJava,/src/test/java/io/reactivex/rxjava3/internal/operators/flowable/FlowableSkipTest.java,
RxJava,/src/test/java/io/reactivex/rxjava3/flowable/FlowableSubscriberTest.java,
RxJava,/src/test/java/io/reactivex/rxjava3/internal/operators/observable/ObservableDematerializeTest.java,
RxJava,/src/test/java/io/reactivex/rxjava3/tck/MulticastProcessorAsPublisherTckTest.java,
RxJava,/src/test/java/io/reactivex/rxjava3/tck/AmbTckTest.java,
RxJava,/src/test/java/io/reactivex/rxjava3/internal/operators/maybe/MaybeErrorTest.java,
RxJava,/src/test/java/io/reactivex/rxjava3/internal/operators/flowable/FlowableRetryTest.java,
RxJava,/src/test/java/io/reactivex/rxjava3/internal/operators/maybe/MaybeFlatMapCompletableTest.java,
RxJava,/src/test/java/io/reactivex/rxjava3/internal/operators/mixed/ObservableSwitchMapSingleTest.java,
RxJava,/src/test/java/io/reactivex/rxjava3/internal/jdk8/FlatMapStream2TckTest.java,
RxJava,/src/test/java/io/reactivex/rxjava3/internal/operators/observable/ObservableTimeIntervalTest.java,
RxJava,/src/test/java/io/reactivex/rxjava3/internal/operators/observable/ObservableToXTest.java,
RxJava,/src/test/java/io/reactivex/rxjava3/tck/SkipLastTckTest.java,
RxJava,/src/test/java/io/reactivex/rxjava3/tck/MulticastProcessorRefCountedTckTest.java,
RxJava,/src/test/java/io/reactivex/rxjava3/internal/operators/flowable/FlowableForEachTest.java,
RxJava,/src/test/java/io/reactivex/rxjava3/internal/operators/observable/ObservableElementAtTest.java,
RxJava,/src/test/java/io/reactivex/rxjava3/internal/operators/flowable/FlowableWithLatestFromTest.java,
RxJava,/src/test/java/io/reactivex/rxjava3/internal/operators/flowable/FlowableJoinTest.java,
RxJava,/src/test/java/io/reactivex/rxjava3/internal/operators/observable/ObservableRangeLongTest.java,
RxJava,/src/test/java/io/reactivex/rxjava3/internal/operators/maybe/MaybeFlatMapNotificationTest.java,
RxJava,/src/test/java/io/reactivex/rxjava3/internal/operators/observable/ObservableTakeLastOneTest.java,
RxJava,/src/test/java/io/reactivex/rxjava3/internal/operators/completable/CompletableFromMaybeTest.java,
RxJava,/src/test/java/io/reactivex/rxjava3/internal/operators/single/SingleHideTest.java,
RxJava,/src/test/java/io/reactivex/rxjava3/tck/ConcatMapSingleTckTest.java,
RxJava,/src/test/java/io/reactivex/rxjava3/maybe/MaybeCreateTest.java,
RxJava,/src/test/java/io/reactivex/rxjava3/observable/ObservableConcatTests.java,
RxJava,/src/test/java/io/reactivex/rxjava3/core/TransformerTest.java,
RxJava,/src/test/java/io/reactivex/rxjava3/internal/operators/maybe/MaybeAmbTest.java,
RxJava,/src/test/java/io/reactivex/rxjava3/core/BackpressureEnumTest.java,
RxJava,/src/test/java/io/reactivex/rxjava3/internal/operators/observable/ObservableTimeoutWithSelectorTest.java,
RxJava,/src/test/java/io/reactivex/rxjava3/internal/operators/observable/ObservableSubscribeOnTest.java,
RxJava,/src/test/java/io/reactivex/rxjava3/internal/operators/maybe/MaybeFilterSingleTest.java,
RxJava,/src/test/java/io/reactivex/rxjava3/internal/operators/observable/ObservableDebounceTest.java,
RxJava,/src/test/java/io/reactivex/rxjava3/parallel/ParallelFlatMapIterableTest.java,
RxJava,/src/test/java/io/reactivex/rxjava3/internal/operators/flowable/FlowableRetryWithPredicateTest.java,
RxJava,/src/test/java/io/reactivex/rxjava3/internal/operators/observable/ObservableReduceTest.java,
RxJava,/src/test/java/io/reactivex/rxjava3/internal/schedulers/TrampolineSchedulerInternalTest.java,
RxJava,/src/test/java/io/reactivex/rxjava3/flowable/FlowableZipTests.java,
RxJava,/src/test/java/io/reactivex/rxjava3/internal/operators/flowable/FlowableWindowWithSizeTest.java,
RxJava,/src/test/java/io/reactivex/rxjava3/tck/SubscribeOnTckTest.java,
RxJava,/src/test/java/io/reactivex/rxjava3/internal/operators/mixed/SingleFlatMapObservableTest.java,
RxJava,/src/test/java/io/reactivex/rxjava3/internal/disposables/EmptyDisposableTest.java,
RxJava,/src/test/java/io/reactivex/rxjava3/internal/operators/maybe/MaybeJustTest.java,
RxJava,/src/test/java/io/reactivex/rxjava3/internal/operators/observable/ObservableFromSingleTest.java,
RxJava,/src/test/java/io/reactivex/rxjava3/internal/operators/observable/ObservableSkipLastTest.java,
RxJava,/src/test/java/io/reactivex/rxjava3/internal/schedulers/ComputationSchedulerInternalTest.java,
RxJava,/src/test/java/io/reactivex/rxjava3/internal/operators/observable/ObservableCombineLatestTest.java,
RxJava,/src/test/java/io/reactivex/rxjava3/parallel/ParallelReduceTest.java,
RxJava,/src/test/java/io/reactivex/rxjava3/internal/operators/flowable/FlowableFromActionTest.java,
RxJava,/src/test/java/io/reactivex/rxjava3/internal/operators/flowable/FlowableMapNotificationTest.java,
RxJava,/src/test/java/io/reactivex/rxjava3/internal/operators/single/SingleFlatMapCompletableTest.java,
RxJava,/src/test/java/io/reactivex/rxjava3/tck/PublishProcessorAsPublisherTckTest.java,
RxJava,/src/test/java/io/reactivex/rxjava3/subscribers/DefaultSubscriberTest.java,
RxJava,/src/test/java/io/reactivex/rxjava3/internal/operators/flowable/FlowableToMapTest.java,
RxJava,/src/test/java/io/reactivex/rxjava3/internal/operators/observable/ObservableTakeLastTest.java,
RxJava,/src/test/java/io/reactivex/rxjava3/internal/operators/maybe/MaybeFlatMapSingleTest.java,
RxJava,/src/test/java/io/reactivex/rxjava3/completable/CompletableRetryTest.java,
RxJava,/src/test/java/io/reactivex/rxjava3/internal/operators/single/SingleTimeoutTest.java,
RxJava,/src/test/java/io/reactivex/rxjava3/internal/operators/flowable/FlowableConcatWithSingleTest.java,