commons-lang,/src/test/java/org/apache/commons/lang3/ThreadUtilsTest.java,
commons-lang,/src/test/java/org/apache/commons/lang3/NotImplementedExceptionTest.java,
commons-lang,/src/test/java/org/apache/commons/lang3/ClassLoaderUtilsTest.java,
commons-lang,/src/test/java/org/apache/commons/lang3/concurrent/ThresholdCircuitBreakerTest.java,
commons-lang,/src/test/java/org/apache/commons/lang3/mutable/MutableByteTest.java,
commons-lang,/src/test/java/org/apache/commons/lang3/concurrent/CircuitBreakingExceptionTest.java,
commons-lang,/src/test/java/org/apache/commons/lang3/StringEscapeUtilsTest.java,
commons-lang,/src/test/java/org/apache/commons/lang3/builder/ReflectionToStringBuilderExcludeWithAnnotationTest.java,
commons-lang,/src/test/java/org/apache/commons/lang3/mutable/MutableDoubleTest.java,
commons-lang,/src/test/java/org/apache/commons/lang3/LocaleUtilsTest.java,
commons-lang,/src/test/java/org/apache/commons/lang3/builder/ReflectionToStringBuilderSummaryTest.java,
commons-lang,/src/test/java/org/apache/commons/lang3/time/FastDateParserTest.java,
commons-lang,/src/test/java/org/apache/commons/lang3/StringUtilsTest.java,
commons-lang,/src/test/java/org/apache/commons/lang3/ClassUtilsTest.java,
commons-lang,/src/test/java/org/apache/commons/lang3/text/CompositeFormatTest.java,
commons-lang,/src/test/java/org/apache/commons/lang3/exception/CloneFailedExceptionTest.java,
commons-lang,/src/test/java/org/apache/commons/lang3/CharSequenceUtilsTest.java,
commons-lang,/src/test/java/org/apache/commons/lang3/time/DateUtilsTest.java,
commons-lang,/src/test/java/org/apache/commons/lang3/ArrayUtilsRemoveMultipleTest.java,
commons-lang,/src/test/java/org/apache/commons/lang3/CharSetUtilsTest.java,
commons-lang,/src/test/java/org/apache/commons/lang3/mutable/MutableLongTest.java,
commons-lang,/src/test/java/org/apache/commons/lang3/reflect/MethodUtilsTest.java,
commons-lang,/src/test/java/org/apache/commons/lang3/builder/MultilineRecursiveToStringStyleTest.java,
commons-lang,/src/test/java/org/apache/commons/lang3/reflect/TypeLiteralTest.java,
commons-lang,/src/test/java/org/apache/commons/lang3/ObjectUtilsTest.java,
commons-lang,/src/test/java/org/apache/commons/lang3/text/translate/NumericEntityUnescaperTest.java,
commons-lang,/src/test/java/org/apache/commons/lang3/time/DateFormatUtilsTest.java,
commons-lang,/src/test/java/org/apache/commons/lang3/text/translate/EntityArraysTest.java,
commons-lang,/src/test/java/org/apache/commons/lang3/FunctionsTest.java,
commons-lang,/src/test/java/org/apache/commons/lang3/EnumUtilsTest.java,
commons-lang,/src/test/java/org/apache/commons/lang3/time/Java15BugFastDateParserTest.java,
commons-lang,/src/test/java/org/apache/commons/lang3/builder/DiffBuilderTest.java,
commons-lang,/src/test/java/org/apache/commons/lang3/math/NumberUtilsTest.java,
commons-lang,/src/test/java/org/apache/commons/lang3/exception/AbstractExceptionContextTest.java,
commons-lang,/src/test/java/org/apache/commons/lang3/reflect/FieldUtilsTest.java,
commons-lang,/src/test/java/org/apache/commons/lang3/RangeTest.java,
commons-lang,/src/test/java/org/apache/commons/lang3/builder/DiffTest.java,
commons-lang,/src/test/java/org/apache/commons/lang3/CharUtilsTest.java,
commons-lang,/src/test/java/org/apache/commons/lang3/time/CalendarUtilsTest.java,
commons-lang,/src/test/java/org/apache/commons/lang3/BitFieldTest.java,
commons-lang,/src/test/java/org/apache/commons/lang3/JavaVersionTest.java,
commons-lang,/src/test/java/org/apache/commons/lang3/RandomStringUtilsTest.java,
commons-lang,/src/test/java/org/apache/commons/lang3/exception/ContextedExceptionTest.java,
commons-lang,/src/test/java/org/apache/commons/lang3/StringUtilsTrimStripTest.java,
commons-lang,/src/test/java/org/apache/commons/lang3/compare/ObjectToStringComparatorTest.java,
commons-lang,/src/test/java/org/apache/commons/lang3/builder/ReflectionToStringBuilderTest.java,
commons-lang,/src/test/java/org/apache/commons/lang3/time/FastDatePrinterTest.java,
commons-lang,/src/test/java/org/apache/commons/lang3/builder/SimpleToStringStyleTest.java,
commons-lang,/src/test/java/org/apache/commons/lang3/concurrent/ConcurrentUtilsTest.java,
commons-lang,/src/test/java/org/apache/commons/lang3/builder/RecursiveToStringStyleTest.java,
commons-lang,/src/test/java/org/apache/commons/lang3/concurrent/TimedSemaphoreTest.java,
commons-lang,/src/test/java/org/apache/commons/lang3/reflect/InheritanceUtilsTest.java,
commons-lang,/src/test/java/org/apache/commons/lang3/ArchUtilsTest.java,
commons-lang,/src/test/java/org/apache/commons/lang3/StringUtilsStartsEndsWithTest.java,
commons-lang,/src/test/java/org/apache/commons/lang3/text/WordUtilsTest.java,
commons-lang,/src/test/java/org/apache/commons/lang3/event/EventUtilsTest.java,
commons-lang,/src/test/java/org/apache/commons/lang3/math/IEEE754rUtilsTest.java,
commons-lang,/src/test/java/org/apache/commons/lang3/builder/JsonToStringStyleTest.java,
commons-lang,/src/test/java/org/apache/commons/lang3/reflect/TypeUtilsTest.java,
commons-lang,/src/test/java/org/apache/commons/lang3/concurrent/BackgroundInitializerTest.java,
commons-lang,/src/test/java/org/apache/commons/lang3/tuple/MutableTripleTest.java,
commons-lang,/src/test/java/org/apache/commons/lang3/builder/DefaultToStringStyleTest.java,
commons-lang,/src/test/java/org/apache/commons/lang3/text/FormattableUtilsTest.java,
commons-lang,/src/test/java/org/apache/commons/lang3/time/FastDateParser_TimeZoneStrategyTest.java,
commons-lang,/src/test/java/org/apache/commons/lang3/builder/ReflectionToStringBuilderConcurrencyTest.java,
commons-lang,/src/test/java/org/apache/commons/lang3/StringUtilsContainsTest.java,
commons-lang,/src/test/java/org/apache/commons/lang3/StringUtilsEmptyBlankTest.java,
commons-lang,/src/test/java/org/apache/commons/lang3/tuple/TripleTest.java,
commons-lang,/src/test/java/org/apache/commons/lang3/builder/HashCodeBuilderAndEqualsBuilderTest.java,
commons-lang,/src/test/java/org/apache/commons/lang3/text/translate/LookupTranslatorTest.java,
commons-lang,/src/test/java/org/apache/commons/lang3/time/DateUtilsRoundingTest.java,
commons-lang,/src/test/java/org/apache/commons/lang3/RandomUtilsTest.java,
commons-lang,/src/test/java/org/apache/commons/lang3/ArraySorterTest.java,
commons-lang,/src/test/java/org/apache/commons/lang3/CharRangeTest.java,
commons-lang,/src/test/java/org/apache/commons/lang3/exception/ContextedRuntimeExceptionTest.java,
commons-lang,/src/test/java/org/apache/commons/lang3/time/StopWatchTest.java,
commons-lang,/src/test/java/org/apache/commons/lang3/mutable/MutableBooleanTest.java,
commons-lang,/src/test/java/org/apache/commons/lang3/BooleanUtilsTest.java,
commons-lang,/src/test/java/org/apache/commons/lang3/event/EventListenerSupportTest.java,
commons-lang,/src/test/java/org/apache/commons/lang3/builder/ToStringStyleTest.java,
commons-lang,/src/test/java/org/apache/commons/lang3/mutable/MutableFloatTest.java,
commons-lang,/src/test/java/org/apache/commons/lang3/text/translate/NumericEntityEscaperTest.java,
commons-lang,/src/test/java/org/apache/commons/lang3/concurrent/ConstantInitializerTest.java,
commons-lang,/src/test/java/org/apache/commons/lang3/CharsetsTestCase.java,
commons-lang,/src/test/java/org/apache/commons/lang3/concurrent/BasicThreadFactoryTest.java,
commons-lang,/src/test/java/org/apache/commons/lang3/concurrent/EventCountCircuitBreakerTest.java,
commons-lang,/src/test/java/org/apache/commons/lang3/text/StrSubstitutorTest.java,
commons-lang,/src/test/java/org/apache/commons/lang3/RegExUtilsTest.java,
commons-lang,/src/test/java/org/apache/commons/lang3/text/StrBuilderTest.java,
commons-lang,/src/test/java/org/apache/commons/lang3/builder/ReflectionToStringBuilderExcludeTest.java,
commons-lang,/src/test/java/org/apache/commons/lang3/text/StrTokenizerTest.java,
commons-lang,/src/test/java/org/apache/commons/lang3/builder/NoFieldNamesToStringStyleTest.java,
commons-lang,/src/test/java/org/apache/commons/lang3/builder/NoClassNameToStringStyleTest.java,
commons-lang,/src/test/java/org/apache/commons/lang3/StringUtilsEqualsIndexOfTest.java,
commons-lang,/src/test/java/org/apache/commons/lang3/builder/CompareToBuilderTest.java,
commons-lang,/src/test/java/org/apache/commons/lang3/mutable/MutableIntTest.java,
commons-lang,/src/test/java/org/apache/commons/lang3/tuple/ImmutablePairTest.java,
commons-lang,/src/test/java/org/apache/commons/lang3/reflect/ConstructorUtilsTest.java,
commons-lang,/src/test/java/org/apache/commons/lang3/time/GmtTimeZoneTest.java,
commons-lang,/src/test/java/org/apache/commons/lang3/text/translate/UnicodeUnpairedSurrogateRemoverTest.java,
commons-lang,/src/test/java/org/apache/commons/lang3/SerializationUtilsTest.java,
commons-lang,/src/test/java/org/apache/commons/lang3/mutable/MutableShortTest.java,
commons-lang,/src/test/java/org/apache/commons/lang3/AnnotationUtilsTest.java,
commons-lang,/src/test/java/org/apache/commons/lang3/CharSetTest.java,
commons-lang,/src/test/java/org/apache/commons/lang3/ConversionTest.java,
commons-lang,/src/test/java/org/apache/commons/lang3/builder/ReflectionToStringBuilderMutateInspectConcurrencyTest.java,
commons-lang,/src/test/java/org/apache/commons/lang3/text/translate/UnicodeEscaperTest.java,
commons-lang,/src/test/java/org/apache/commons/lang3/concurrent/CallableBackgroundInitializerTest.java,
commons-lang,/src/test/java/org/apache/commons/lang3/text/translate/OctalUnescaperTest.java,
commons-lang,/src/test/java/org/apache/commons/lang3/concurrent/AtomicSafeInitializerTest.java,
commons-lang,/src/test/java/org/apache/commons/lang3/time/FastDateFormatTest.java,
commons-lang,/src/test/java/org/apache/commons/lang3/tuple/ImmutableTripleTest.java,
commons-lang,/src/test/java/org/apache/commons/lang3/builder/StandardToStringStyleTest.java,
commons-lang,/src/test/java/org/apache/commons/lang3/stream/StreamsTest.java,
commons-lang,/src/test/java/org/apache/commons/lang3/time/FastTimeZoneTest.java,
commons-lang,/src/test/java/org/apache/commons/lang3/ValidateTest.java,
commons-lang,/src/test/java/org/apache/commons/lang3/text/StrBuilderAppendInsertTest.java,
commons-lang,/src/test/java/org/apache/commons/lang3/StreamsTest.java,
commons-lang,/src/test/java/org/apache/commons/lang3/exception/DefaultExceptionContextTest.java,
commons-lang,/src/test/java/org/apache/commons/lang3/builder/DiffResultTest.java,
commons-lang,/src/test/java/org/apache/commons/lang3/time/FastDateParser_MoreOrLessTest.java,
commons-lang,/src/test/java/org/apache/commons/lang3/concurrent/MultiBackgroundInitializerTest.java,
commons-lang,/src/test/java/org/apache/commons/lang3/text/translate/UnicodeUnescaperTest.java,
commons-lang,/src/test/java/org/apache/commons/lang3/exception/ExceptionUtilsTest.java,
commons-lang,/src/test/java/org/apache/commons/lang3/builder/ToStringStyleConcurrencyTest.java,
commons-lang,/src/test/java/org/apache/commons/lang3/builder/ToStringBuilderTest.java,
commons-lang,/src/test/java/org/apache/commons/lang3/ArrayUtilsRemoveTest.java,
commons-lang,/src/test/java/org/apache/commons/lang3/function/FailableFunctionsTest.java,
commons-lang,/src/test/java/org/apache/commons/lang3/builder/ReflectionDiffBuilderTest.java,
commons-lang,/src/test/java/org/apache/commons/lang3/builder/HashCodeBuilderTest.java,
commons-lang,/src/test/java/org/apache/commons/lang3/SystemUtilsTest.java,
commons-lang,/src/test/java/org/apache/commons/lang3/ArrayUtilsTest.java,
commons-lang,/src/test/java/org/apache/commons/lang3/math/FractionTest.java,
commons-lang,/src/test/java/org/apache/commons/lang3/tuple/PairTest.java,
commons-lang,/src/test/java/org/apache/commons/lang3/builder/ReflectionToStringBuilderExcludeNullValuesTest.java,
commons-lang,/src/test/java/org/apache/commons/lang3/builder/EqualsBuilderTest.java,
commons-lang,/src/test/java/org/apache/commons/lang3/concurrent/AbstractConcurrentInitializerTest.java,
commons-lang,/src/test/java/org/apache/commons/lang3/builder/MultiLineToStringStyleTest.java,
commons-lang,/src/test/java/org/apache/commons/lang3/CharEncodingTest.java,
commons-lang,/src/test/java/org/apache/commons/lang3/builder/ShortPrefixToStringStyleTest.java,
commons-lang,/src/test/java/org/apache/commons/lang3/concurrent/MemoizerTest.java,
commons-lang,/src/test/java/org/apache/commons/lang3/mutable/MutableObjectTest.java,
commons-lang,/src/test/java/org/apache/commons/lang3/ArrayUtilsInsertTest.java,
commons-lang,/src/test/java/org/apache/commons/lang3/ArrayUtilsAddTest.java,
commons-lang,/src/test/java/org/apache/commons/lang3/text/ExtendedMessageFormatTest.java,
commons-lang,/src/test/java/org/apache/commons/lang3/time/DateUtilsFragmentTest.java,
commons-lang,/src/test/java/org/apache/commons/lang3/compare/ComparableUtilsTest.java,
commons-lang,/src/test/java/org/apache/commons/lang3/time/DurationFormatUtilsTest.java,
commons-lang,/src/test/java/org/apache/commons/lang3/text/StrLookupTest.java,
commons-lang,/src/test/java/org/apache/commons/lang3/ClassPathUtilsTest.java,
commons-lang,/src/test/java/org/apache/commons/lang3/tuple/MutablePairTest.java,
commons-lang,/src/test/java/org/apache/commons/lang3/StringUtilsValueOfTest.java,
commons-lang,/src/test/java/org/apache/commons/lang3/concurrent/locks/LockingVisitorsTest.java,
commons-lang,/src/test/java/org/apache/commons/lang3/StringUtilsIsTest.java,
commons-lang,/src/test/java/org/apache/commons/lang3/text/StrMatcherTest.java,
commons-lang,/src/test/java/org/apache/commons/lang3/StringUtilsSubstringTest.java,